N°,Dénomination,N° RCCM,Activités,Adresses
1,2 AZ BUSINESS,"PK 2013-A-312 DU 18/11/13","Achat et vente de matériels de bureau, électroménagers et équipements médicaux - Décoration des maisons - Vente de matériels optiques et véhicules d'occasions.","Pkou, Qtier:Oké-Dama Ilot:2720-A Tél:97233057 Nom du gérant: GABA KolawoléArmel"
2,2 S T ET FILS,"PK 2013-A-253 DU 09/09/13","Maintenance de matériels informatique et d'équipements de bureau - Bureautique - Installation - Livraison - Vente et location de voitures - BTP - Electricité - Prestation de services.","Pkou, Qtier:Sinrou Ilot:2457-N Tél:97828866 Nom du gérant: SOULE Djalilou"
3,2KZ,RB PKOU 2013-A-121,"BTP - Achat et vente de produits forestiers, tropicaux, agricoles et vivtriers - Commerce général.","Pkou Qtier:Tranza Ilot:385-568 Tél:97884998 Nom du gérant: KY-SAMAH Zakaria"
4,A DIEU LA GLOIRE ET FILLES,RB PKOU 2013-A-079,Quincaillerie générale - Divers.,"Pkou Qtier:Titirou Ilot:36 N Tél:95408530/97007017 Nom de la gérante: VIAGBO Sylvie"
5,A.A.H,RB PKOU 2013-A-127,"Diverses prestations de services, Achat et vente de matériels, mobiliers et équipement de bureau, Matériels de construction métallique et électroménagers, BTP, Commerce général.","Pkou Qtier:Tranza Ilot:404-483 Tél:94204871/6620064 Nom du gérant: ABOUDOULAYE Harouna"
6,A.J.R ET FILS,"P2-PK/13-10 DU 01/10/13","ServicesHôtellerie,bar-Restaurant,lubrifiant,fourniture de bureau,boulangerie,laboratoire photo vidéo,cosmétique,scierie.","Parakou,Qtier:Titirou Maison ADJALLALA AkobassiTél:95851383 Nom du gérant:ADJALLALA Jules Romain"
7,A.M CONSULT,"PK 2013 A 149 DU 15/05/13","Etudes,Contôle et suivi des travaux de BTPCondsultation,Expertise et divers.","Parakou,Qtier:Lémanda Ilot:39-QTél:94137132/93443555"
8,A.M ET FILS,RB PKOU 2013-A-128,"Transport - Achat et vente de pièces détachées, de pneus, de produits tropicaux, agricoles, vivriers et forestiers - Commerce général .","Pkou Qtier:Guèma Ilot:1061-G Tél:97775450 Nom du gérant: ALI Moufoutaou"
9,ABIODON,"PK 2013 A 210 DU 26/07/13","IndustrieBTP-Assainissement,achat et vente de produits tropicaux,vivriers,agricoles et forestiers,Vente de consommables informatiques,plomberie,quincaillerie,activité sportives,produits vestimentaires,transport.","Parakou,Qtier:Amawignon OuestTél:96123304/94009698"
10,ABOUDOU MOUMOUNI & FILS,"PK 2013-M-243 DU 30/08/13","Achat et vente de produits tropicaux, agricoles, vivriers et forestiers - Quincaillerie.","Kalalé, Qtier:Kalalé-peulh Maison MAMA SAMBO Aboudou Tél:97138748 Nom du gérant: MAMA SAMBO Aboudou Moumouni"
"","","","Achat et vente de produits forestiers, agricoles et ",Parakou Qtier:Wansirou Ilot:160-C ,2 / 29
12,"AC  AYOMIDE ET COMPAGNIE""",RB PKOU 2013-A-055,"vivriers, de matériels de constructions, Restauration, ",Tél:97721181 Nom du gérant: DAOUDA ,PP
"","","","Prestation de services, Commerce général.",ASSADE Fataou,""
"","","",Industrie,"",""
"","","","Bâtiments et travaux publics-assainissement,prestation ","",""
13,ACODAME,PK 2013 A 276 DU 01/10/13,"de services de tous genres,quincaillerie,achat et vente des prdouits de la ","Parakou,Qtier:Wansirou Gâh Ilot:DMO1-KTél:97137449/95333840 Nom du ",PP
"","","","SOBEBRA,tropicaux,vivriers,forestiers,papeterie,librairi",gérant:AFFETO Codjo Daniel,""
"","","","e,alimentation générale.","",""
"","","","Achat et vente de pièces détachées, de pneus et ","",""
14,ADAM KARIM ET ,PK 2013-A-311 DU18/11/13,"accessoires automobiles - Mécanique auto - BTP - Génie civil - Quincaillerie - Achat et vente des produits tropicaux, agricoles, forestiers et SOBEBRA - ",Pkou Qtier:Swinrou Ilot:2464-C Tél:94562096 Nom du gérant: ADAM Karimou,PP
"","","",Commerce général.,"",""
15,ADDA ET FILS,PK 2013 A 331 DU 10/12/13,"CommerceAlimentation générale,Achat et vente de produits tropicaux,agricoles,vivriers et forestiers.","Bembéréké,Qtier:KossouTél:64017212/66307966  Nom du gérant:ALI Adamou",PP
16,ADEBIYI ADETOMBI OHOUNLADO ET FILS,PK 2013 -A-074,"Achat et vente de tropicaux,agricoles,forestiers et vivriers, Construction bâtiments,Commerce général.","Parakou,Qtier:Ladjifarani maison AFFISOU Mohamed  Tél:95522501 Nom du gérant:ADEBIYI Wilfred Emmanuel",PP
"","","",Industrie,"Parakou,Qtier:Banikannai Ilot:140-J",""
17,ADETONDJI ET FILS,P2-PK/13-14 DU 31/10/13,"Génie civil,commerce général et divers,Topographie ,location de véhicules.",Tél:97772512 Nom du gérant:KEGNIDE Théodore,PP
"","","",BTP-Assainissement - Génie civil - Achat et vente de ,"",""
18,ADITOP,PK 2013-A-169 DU 31/05/13,"produits tropicaux, fournitures de bureau, consommable et maintenance informatique - Location - Café-bar-restaurant et service traiteur - Commerce ",Pkou Qtier:Titirou Ilot:1352-Q Tél:97006118/95575618,PP
"","","",général.,"",""
"","","",Distribution de gaz domestique - vente des appareils ,"",""
"","","","électroniques et électromenagers, de matériaux de ","",""
"","","",construction - Bureautique - Mécanique générale - ,"",""
19,ADJAX PEPE INTER,PK 2013-A-228 DU 14/08/13,"Vente de véhicules et de pièces détachées d'occasions et neufs - Transport - Vente de bijoux, ","Pkou, Qtier:Thian Ilot:3136-N BP:1334 Teél:95858319/64899743 Nom du ",PP
"","","","textiles, friperie, prête à porter, des produits tropicaux, ",gérant:ADJAHOUISSO Pépin,""
"","","","forestiers, agricoles et des vivres frais - Prestation de ","",""
"","","",service.,"",""
"","","","Achat et vente de produits GSM, agricoles, tropicaux, ",Tchaourou Qtier:Marché Tchaourou ,""
20,ADJIBOLA & FILS,RB PKOU 2013-A-038,forestiers et vivriers - Quincaillerie - Alimentation ,Ilot:Domomaine de la Mairie Tél: 95575812 ,PP
"","","",générale.,Nom du gérant: ABOUDOU Moussa,""
"","","","Achat et vente de fournitures de bureau, de matériels ","",""
"","","","informatiques, de produits d'entretien, de pièces ","",""
21,AFAO,RB PKOU 2013-A-108,"détachées, de produits alimentaires, forestiers, agricoles et tropicaux, de consommables informatiques ",Pkou Qtier:Albarika Ilot:909-K  Tél:95857235 02BP:389 Nom de la  gérante:AMMON DAVID ,PP
"","","",- Divers travaux de construction et d'entretien - ,Rosalie,""
"","","",Commerce général.,"",""
"","","",Commerce ,"",""
22,AFRIQUE,PK 2013 A 159 DU 21/05/13,"Achat et vente de produits tropicaux,agricoles,forestiers,Buvette,Commerce ","Nikki,Qtier:Gâh-Maro maison SARE SANI Issifou",3 / 29PP
"","","",général.,Tél:97554054,""
"","","",ServiceActivité de formation permanente et ,"",""
"","","","autres,renforcement organisationnel et ","",""
23,AFRIQUE SYMETRIES,PK 2013 A 189 DU 25/06/13,"institutionnel,Ingénierie des Ressources humaines,Planification stratégique,Suivi-évaluation des ","Parakou,Qtier:Dépôt Immeuble CCIBTél:95159615  02BP:979",PP
"","","","projets,approches basées sur les droits,Prestation de ","",""
"","","",service.,"",""
"","","","",Parakou Qtier:Madina Ilot:Maison ALASSANE ,""
24,AGAMALEKE,RB PKOU 2013-A-041,"Achat et vente de produits agricoles, tropicaux et forestiers, BTP, Génie civil.",Issa Tél:96014871 Nom du gérant:TAKPARA Issifou,PP
"","","","Achat et vente de produits agricoles, tropicaux, ","",""
25,AGBARA OLUWA,PK 2013-A-214 DU 29/07/13,forestiers et vivriers - Fourniture de bureau - Quincaillerie - Restauration - Mercerie -  Alimentation ,"Nikki, Qtier:Gourou Maison ACHADE Aurélien Tél:97317227",PP
"","","",générale.,"",""
"","","","Génie civil,Achat et vente de produits ","Parakou,Qtier:Albarika Ilot:2323-J  ",""
26,AGBO ET FILS,PK 2013 -A-073,"tropicaux,agricoles,vivriers et ",Tél:97027317  Nom du gérant:AGBO ,PP
"","","","forestiers,Quincaillerie,Commerce général.",IBRAÏMA Abdou Latifou,""
"","","",Commerce,"",""
27,AGBOTENI & FILS,PK 2013 A 212 DU 26/0713,"Achat et vente de produits tropicaux,agricoles,vivriers et forestiers,BTP,Restauration,Commerce général et ","Parakou,Qtier:Oké-DamaTél:97862300",PP
"","","",divers.,"",""
"","","",BTP-Assainissement; Quincaillerie; Achat et vente de ,"",""
28,AIGLE D'AFRIQUE,RB PKOU 2013-A-017,"produits tropicaux, agricoles et forestiers, de fournitures de bureau, de matériels et consommables ",Parakou Qtier:Amanwignon Ilot:505-O Tél:95573992 BP:1264 Nom du gérant:CHABI ,PP
"","","",informatique; Bar-Restaurant; Commerce général.,Ayédon Léandre,""
"","","",Achat et vente de produits alimentaires et des ,"Pkou, Qtier:Zongo Ilot:maison ZOUNDOH ",""
29,AIGLE ROYAL,PK 2013-A-310 DU 14/11/13,boissons - Bureautique - Communication - Matériels et équipements - Commerce général.,Léon Tél:96676722 Nom du gérant:AYEKITON KIMBOU Comlan,PP
30,AJID,PK 2013-A-283 DU 08/10/13,"Achat et vente de produits tropicaux, vivriers, agricoles et céréales, Dépôt de SOBEBRA, Bureautique, Prestations de services, Alimentation générale.","Pkou, Qtier: Titirou Ilot:1383-M Nom du gérant:BIAOU Offin Philippe",PP
31,AKOÏ ALLAH,PK 2013-A-325 DU 04/12/13,"Achat et vente de produits tropicaux, agricoles, forestiers et ciment - Fournitures de bureau - BTP - Génie civil - Commerce général.","Pkou, Qtier:Swinrou Ilot:2337-E Tél:95153533/93904923 Nom de la gérante:ADAM GARBA Rabiatou",PP
32,AKPO,PK 2013 -A-172 DU 05/06/1,"CommerceAchat et vente de produits tropicaux,agricoles,vivriers et forestiers,alimentation générale.","Parakou,Qtier:Camp-Adagbè Ilot:297-ETél:97321567",PP
"","","","Bureautique, Achat et vente de produits tropicaux, de ",Parakou Qtier:Ladjifarani Ilot:894-I ,""
33,AL MOUBARACK,RB PKOU 2013-A-013,"matériel électriques et électroniques, Pneumatique, ",Tél:97876556/94558882 Nom de la ,PP
"","","","BTP, Quincaillerie,",gérant:KARIMOU NARO Mariama,""
34,ALAKE ET FILS,PK 2013-A-273 DU 27/09/13,Achat et vente des produits cosmétiques - Divers.,"Parakou, Qtier:Yéboubéri Ilot:Marché Arzèkè Tél:97779450 Nom de la gérante: YESSOUFOU Alakê Afoussatou",4 / 29PP
35,AL-AMIR INVESTISMENTS,PK 2013 A 157 DU 21/05/13,"ServiceHôtellerie,Restauration,Pâtisserie,Commerce général.","Parakou,Qtier:Kabassira,Marché Arzèkè Immeuble ALPHA OROUTél:97164958",PP
"","","",Achat  et vente de produits alimentaires et des ,"",""
36,ALBARIKA MANOU,PK 2013 A 160 DU 24/05/13,"boissons,achat et vente de produits céréaliers,tropicaux,agricoles et vivriers,alimentation ","Pèrèrè,Qtier:Nimabéri maison MAMA Bah Pays",PP
"","","",générale.,Tél:64154211,""
"","","",Commerce,"",""
"","","","Achat et vente de matériels d'électricité,Installation des ","",""
37,ALEMO,PK 2013 A 293 DU 18/10/13,"équipement électrique et téléphoniques,BTP,achat et vente des produits tropicaux,agricoles,vivriers et forestiers,poissonnerie,consommables informatique et ","Parakou,Qtier:Zongo II Ilot: VI-8Tél:97093420/95121286  Nom du gérant:TAÏROU Mohamed",PP
"","","","bureautique,transport,élevage,débit de ","",""
"","","","boisson,prestation de service.","",""
38,ALEXCO,PK 2013-A-250 DU 04/09/13,"Achat et vente de pièces détachées, des appareils électroniques et motos.",Pèrèrè Qtier: Nima- Béri Ilot: maison BOUKARI Moutarou Tél:97546636 Nom du gérant: AKOGWU Ojonimi Ernest,PP
"","","","Impot-Export Représentation commerciale, ","",""
"","","","Commercialisation de tous produits tropicaux, ","",""
"","","","agricoles, pétroliers et forestiers, transport de ","",""
"","","","marchandises, alimentation générale, toutes ","",""
39,AL-HAMDOU-LILAYE SARL,RB PKOU 2013-B-031,"opérations de création et de gestion d'agence de voyage de location de véhicule, vente de matériels ",PKOU Qtier:Madina Ilot:167-6 BP:800 Tél:97086043 Nom du gérant:SEIDOU ,PM
"","","","informatique et bureautique, prête-à-porté, ",Massioudou,""
"","","","quincaillerie, BTP, dépôt de ciments; installation de ","",""
"","","",réseau électrique; prestations de services; hôtellerie ,"",""
"","","","restauration; business center; tourisme, consultation","",""
"","","",Achat et vente de produits tropicaux et autres produits ,"Parakou,Qtier:Wansirou Ilot:349 Parcelle:223  ",""
40,AMR SHOP,PK 2013 -A-060,"agricoles,forestiers et vivriers,Restauration ",Tél:97609784  Nom de la gérante:ALIHONOU ,PP
"","","",",alimentation générale.",Claudine,""
"","","","",Pkou Qtier:Kpérou-Guera Ilot:C101-B ,""
41,ANAC ET FILS,RB PKOU 2013-A-131,"Froid et Climatisation - Entretien, Electricité Sanitaire.",Tél:96527545 Nom du gérant:AMOUSSOU ,PP
"","","","",Kouassi Raymond,""
"","","",Réparation de tout moteur Formation des mécaniciens ,"",""
42,ANDRE DIESEL,RB PKOU 2013-A-092,"auto, agricoles et en machinisme agricoles - Commerce des pièces de rechange, des engins ",Bembèrèkè Qtier:Guéré Ilot:maison BIO SIKI André Tél:97654671 Nom du gérant:BIO SIKI ,PP
"","","",agricoles et de véhicules.,André Orou,""
43,ANI & FILS,RB PKOU 2013-A-048,"BTP-Assainissement - Génie civil - Achat et vente de produits tropicaux, agricoles, forestiers et vivriers - Commerce général.","Tchaourou Qtier:Bakparou Ilot:Maison BACHABI Nassirou Tél:95354896 Nom du gérant:BACHABI BOUKARI Nassirou"
44,ANIMANI WIROU,RB PKOU 2013-A-106,"Achat et vente de produits tropicaux, agricoles, forestiers et vivriers Commerce général.","Pkou Qtier:Ganou Ilot:G7-G' Tél:96598483 Nom du gérant:SAKA CESSI Issifou"
45,AQUATIQUE,"PK 2013 A 279 DU 03/10/13","CommerceAchat et vente de produits alimentaires et des boissons,Regarnisage patin auti,mécanique générale.","Parakou,Qtier:Wansirou maison SALAMI MoibaTél:65354037 Nom du gérant:KOGOUE Daniel"
46,ASAFMA,RB PKOU 2013-A-050,"Soudure - Ajustage - Fabrication de machines agro-alimentaires, de forge et des arts métalliques - Diverses prestations de services.","Parakou Qtier: Zongo Nord Ilot:536 -112 Tél:97321360 Nom du gérant: YOROU TOGORO Yacoubou"
47,ASSIKE,RB PKOU 20123A-008,"Achat et vente de produits tropicaux,agricoles,foretiers et vivriers, de fournitures de bureau, d'appareils électroniques, Commerce général.","N'Dali Qtier:Suanin Maison ALASSANE Amadou Tél:97593242 Nom du gérant: ALASSANE AMANDOU Aboudou Nourou"
48,ASW. LEADER,"PK 2013-A-285 DU 10/10/13","Bureautique, Achat et vente de matériels informatique et accessoires, de produits tropicaux, agricoles et forestiers, Gestion immobilière, BTP et génie civil, Quincaillerie, Commerce général.","Pkou, Qtier:Sinagourou Ilot:2068-G Tél:95485446 Nom du gérant: ASSOUMA Abou Bakary"
49,A-T-M ET FILS,PK 2013 -A-072,"L'agriculture,achat et vente de produits tropicaux,agricoles,vivriers et forestiers,Casse-auto,Alimentation générale.","Parakou,Qtier:Ganou Ilot:2465G-J  Tél:66337758 Nom du gérant:ASSOUMA TAÏROU Moussa"
50,AUX FRUITS DE PATIENCE,"PK 2013-A-323 DU 03/12/13","Restaurant - Bar - Produits cosmétique - Bureautique - Alimentation générale et divers.","Pkou, Qtier:Wansirou Ilot:4008-H Tél:96814445 Nom de la gérante: SIDI Iradatou"
51,AV@MAXI,"PK 2013 A 322 DU 29/11/13","ServicesRestaurants,Bar,Hôtellerie,Quincaillerie,Entretien des locaux,BTP-Assainissement,Mercerie,achat et vente des prdouits agricoles,forestiers,cosmétiques,de pièces détachées,alimentation générale.","Parakou,Qtier:Titirou Ilot:81-ETél:97967666 Nom du gérant:AVOMAKPE Maxime"
52,AVL & FILS,P2-PK/13-9 DU 27/09/13,Activité ajoutée: Hôtellerie - Restauration.,"Parakou, Qtier:Titirou Ilot:1347-P Tél:97532533 Nom de la gérante: AGBLOGBA Assiba Victorine"
53,AYODELE ET FRERES,"PK 2013-A-269 DU23/09/13","Restauration - Achat et vente de produits tropicaux, agricoles, vivriers, produits SOBEBRA, Fournitures de bureau et Motos - Service traiteur - Electrification - Alimentation générale.","Parakou, Qtier:Albarika Ilot:951-C Tél:94129412 Nom de la gérante: ELEGBE Géneviève Eni Adoukè"
54,AZ-BENIN,"PK 2013 A 197 DU 08/07/13","CommerceAchat et vente de matériels informatiques,bureautique,realisation des monographies,photocopies,alimentation générale et divers.","Parakou,Qtier:Amawignon Ilot:457-6Tél:95290011"
"","","",Commerce,"",6 / 29
"","","","Le commerce général,l'import et l'export,l'achat et la ","",""
"","","","vente du ciment,de produits tropicaux,agticoles et ","",""
56,BABAYO BOUKARI IMOROU SARL,PK 2013-B-011 DU29/05/13,"forestiers. L'achat et la vente de volailes et produits alimentaires congelés,des articles de quincaillerie et de ","Parakou,Qtier:Banikanni maison BABAYO Imorou",PM
"","","",bureau. La réalisation de tous travaux de génie civil et ,Tél:97470668,""
"","","","de BTP,l'entretien des bâtiments et des voies ","",""
"","","",publiques.,"",""
"","","",Commerce,"",""
"","","",Commerce de détail en magasin spécialisé de ,"Parakou,Qtier:Kpébié maison BELLO ",""
57,BADIOS,PK 2013 A 222 DU 07/08/13,"livres,journaux et articles de papeterie,fournitures de bureau,consommables ",Moumouni Tél:96274651Nom du gérant:OKPARA ,PP
"","","","informatique,reliure,photocopie,scannage,photo-",Dimon Blaise,""
"","","","numérique,produits GSM.","",""
"","","",Commerce,"",""
58,BAMEYI,PK 2013 A 298 DU 28/10/13,"Achat et vente de fournitures de bureau,librairie,papeterie,consommables informatique et de pièces détachées,produits d'entretien,prestation ","Parakou,Qtier:Zongo II  Ilot:597-008 Tél:97529314/94105707  Nom du gérant:ABOUDOU Oumorou",PP
"","","","de service,commerce général.","",""
59,BARUKA,PK 2013-A-307 DU 11/11/13,"Achat et vente de produits tropicaux, agricoles, vivriers et forestiers - Vente de bétails, fournitures de bureau et consommables informatiques.","Pkou, Qtier:Oké-Dama Ilot:1446-F Tél:97588311/94032167 Nom du gérant:BAGOUDOU Mamadou Garou N'Douro",PP
"","","","Bar-restaurant, Hébergement, BTP, Transport de ",Pkou Qtier:Sinagourou Ilot:Maison OUORO ,""
60,BAYODI,RB PKOU 2013-A-086,"marchandises, Conseils, Formation, Commerce ",GUESSOU Gado Tél:96333926 Nom de la ,PP
"","","",général.,gérant: BAYODI Amina,""
61,BAZ MULTI SERVICE,RB PKOU 2013-A-081,Commerce général - Prestations de services - BTP - Location de véhicules.,Pkou Qtier:Tranza Ilot:246-427 Té:97097010/95550518 Nom du gérant: BADA Abdou Aziz,PP
"","","",Assistance comptable et fiscale - Courtage - BTP-,"",""
62,BEAFG-SF,RB PKOU 2013-A-029,Assainissement - Gestion immobilière - Bureautique - ,Parakou Qtier:Guèma Ilot:1039-W ,PP
"","","",Prestation de service.,Tél:97091682 Nom du gérant: BERIA Abel,""
"","","","Achat et vente de produits forestiers, agricoles, ",Bembèrèkè Qtier:Bembèrèkè-Ouest Ilot: ,""
63,BEKE TRADING,RB PKOU 2013-A-097,"tropicaux et vivriers, des produits SOBEBRA - Dépôt ",maison ISSIAKA Sémi A. BP:81  ,""
"","","",de ciment - Quincaillerie - Commerce général.,Tél:97489822 Nom du gérant:ISSIAKA Sémi Azikimé,PP
64,BENIN ESPOIR SERVICES,PK 2013-A-240 DU 28/08/13,Commerce général - BTP - Prestations de services - Quincaillerie - Réfection des pistes rurales - Conseil en gestion d'entreprise - Assistance fiscale.,"Parakou, Qtier:Ganou Ilot:904-H Tél:95757070 Nom du gérant: KORA GOUNOU Yarou",PP
"","","",Soudure - Menuiserie industriel - BTP & g2NIE CIVIL - ,"",""
65,BENIN MODELE,PK 2013-A-314 DU 19/11/13,"Achat et vente de produits tropicaux, agricoles, forestiers et pièces détachées - Quincaillerie - ","Pkou, Qtier:Amanwignon-Ouest Ilot:EL:288 Nom du gérant: ADAM Imorou",PP
"","","",Alimentation générale - Consommables divers.,"",""
"","","","Achat et vente de matériaux de construction, de ","",""
66,BETHEL TRADING SERVICE (BTS),PK 2013-A-287 DU 14/10/13,"produits de SOBEBRA, de fournitures de bureau, BTP; Transit; Prestation de services; Pisciculture; ","Pkou, Qtier: Zongo Ilot:maison AHOUANSOU Lucien Tél:97690801 Nom du gérant:OKE ",PP
"","","",Assainissement; Commerce général.,Christian,""
67,BG,PK 2013 A199 DU 15/07/13,"Menuiserie générale,quincaillerie,scierie,achat et vente des planhes,bois de tecks,de produits forestiers,BTP,Alimentation générale.","Parakou,Qtier:Kpérou -Guèra Ilot:C-173Tél:97585728",7 / 29PP
68,BGA,PK 2013 A 147 DU 13/05/13,"Bâtiments et travaux publics-AssainissementAchat et vente de produits tropicaux,agricoles,forestiers et produits alimentaires.","Parakou,Qtier:Tranza Ilot:385-555Tél:66500777/95792151",PP
"","","","Achat et vente de produits cosmétiques et parfumerie, ","",""
69,BHÊLAL HÔRRÊ,PK 2013-A-303 DU05/11/13,"mèches et pagnes - Restauration - BTP - Location des chaises, bâches, assiettes - Service traiteur - ","Pkou, Qtier:Amanwignon Ilot:1432-B  Tél:97318266/95486884 BP:373 Nom de la ",PP
"","","",Commerce général.,gérante:AKPAKI Bamidélé Johana,""
70,BIO IMOROU SEKERE SALIFOU,RB PKOU 2013-A-094,BTP-Assainissement - Papeterie - Matériels et consommables informatique - Commerce général.,Pkou Qtier:ZongoII Ilot:206-599 01BP:951 Tél:95633130 Nom du gérant:IMOROU Salifou,PP
"","","",Services,"",""
"","","","Hôtellerie,Restauration,Agence ","",""
71,BISS PROMO BUSINESS CENTER,PK 2013 A 321 DU 28/11/13,"immobilière,quincaillerie,transport,courtage,intermédiaire de commerce,achat et vente de produits ","Parakou,Qtier:GuèmaTél:96045309 Nom du gérant:YALLOU ",PP
"","","","tropciaux,agricoles,vivriers et forestiers,prestation de ",Moumouni,""
"","","","service,commerce général.","",""
72,BON CHOIX,PK 2013-A-268 DU25/09/13 ,"Achat et vente de produits tropicaux, agricoles, vivriers et forestiers -  Quincaillerie - Alimentation générale.","Parakou, Qtier:Titirou Ilot:1323-K Tél:95359040 Nom du gérant: BAH-IMAM Aboudou Moumouni",PP
"","","",Commerce,"",""
73,BON PRIX  & FILS,PK 2013 A 194 DU 01/07/13,"Vente de matériels électroniques et électiques,commerce général.","Parakou,Qtier:Gâh Maison BIO AHOUI JeanTél:95474468",PP
"","","","Achat et vente de pièces détachées, de pneus et ","",""
"","","","accessoires, de vévicules et de moulins - quincaillerie - ",Parakou Qtier:Ouézé Ilot:1163-D ,""
74,BONACO INTERNATIONAL,RB PKOU 2013-A-045,Hébergement - Restauration - Bureautique - Achat et ,Tél:97952212 Nom du géant: ADEGBE ,PP
"","","","vente de produits agricoles, tropicaux et forestiers - ",Boniface Omachonu,""
"","","",Commerce général.,"",""
"","","","Achat et vente de tissus, habillements, produits ","",""
75,BONI TOUCOSARI,RB PKOU 2013-A-071,"tropicaux, agricoles, forestiers et vivriers, hôtellerie, bureautique, BTP, Transport, Prestations de multi ",Pkou Qtier:Wansirou Ilot:Maison ZOUMAROU  Tél:97164073 Nom du gérant:SARE ,PP
"","","","services, Alimentation générale.",ZOUMAROU Farouq,""
76,BORO ET FILS,PK 2013-A-308 DU 11/11/13,"Génie civil - Assainissement eau - BTP - Achat et vente de produits tropicaux, agricoles et forestiers - Quincaillerie - Commerce général.","Tchaourou, Qtier:Araré-Kparou Ilot: Maison GAH- ORE Tél:95351212 Nom du gérant:ALIDOU Iliassou",PP
77,BOURAMA -SIA,RB PKOU 2013-A-011,"Production et vente de graviers, Commerce général.",Parakou Qtier:Ilot:221 Tél:97414352 Nom du gérant:ZIME N'Goli Salifou ,PP
"","","","Achat et vente de produits tropicaux, agricoles, de ","",""
78,BROUTAN RABIATH ET FILS,RB PKOU 2013-A-76,"pagnes et divers, de fournitures de bureau, consommables informatiques, de carte de recharges et ",Pkou Qtier:ZongoII  Ilot:1119-N Tél:97565053  Nom du gérant: BROUTANI Rabiatou,PP
"","","",portables.,"",""
79,CABINET CARDIOLOGIQUE DU SEPTENTRION,PK 2013-A-251 DU 09/09/13,Cabinet médical - Cardiologie - Médecine générale - Vente de consommable médicaux - Autre spécialités médicales.,"Pkou, Qtier:ZongoII maison OUMOROU Aliyou Tél:97892596/94470789 Nom du gérant: CODJO Houétondji Léopold",PP
80,CACHI & FILS,RB PKOU 2013-A-117,"Achat et vente de produits tropicaux, agricoles, vivriers, forestiers et de fournitures scolaires - Hôtellerie - Restauration - BTP - Assainissement - Génie civil - Bureatique - Quincaillerie - Menuiserie - Commerce général.","Pkou Qtier:Sinagourou Ilot:1444-E BP:325 Tél:96182952 Nom du gérant: CAPO-CHICHI Hector Gatien"
81,"CAEF(COMPLEXE AFRICAIN D'ELECTRICITE ET FROID)","PK 2013 A 236 DU 23/08/13","ServiceDiverses prestation de services,Electricité et froid-conseils,achat et vente des pièces électriques et frigorifiques,Ingénierie,Immobilier,BTP et commerce général.","Parakou,Qtier:Sinagourou 3 Ilto:2038-VTél:96770896  Nom de la gérante:ASSANI Djemilatou"
82,"CAFE RESTO DE LA CITE DES KOBOUROU",RB PKOU 2013-A-049,"Cafétéria - Restauration - Achat et vente de produits alimentaires et boissons - Consignation - Déclaration en douane - Transit - Commerce général.","Parakou Qtier:Dokparou Ilot:1032 -F Tél:64248359/66643049 Nom de la gérante:CHABI MAMA Fatimata"
83,CAVES-BENIN,"PK 2013-A-175 DU 11/06/13","IndustrieEtude,Gestion immobilière,Conseil & formation ,communication,génie civil,intermédiation,bureautique & consommables informatique,produits vivriers,agricoles,tropicaux et forestiers.","Parakou,Qtier:Oké-Dama Ilot:1106-BTél:68319980/94907575"
84,CEFP-BTP,RB PKOU 2013-A-087,"BTP - Achat et vente de produits tropicaux, agricoles, forestiers et vivriers - Transport - Gestion des moulins -Commerce général.","Pkou Qtier:Amanwignon Ilot:AM07-D BP:673 Tél:97177874 Nom du gérant:TCHANDO Sylvain"
85,CELESTIN,"PK2013 -A-177 DU 11/06/13","CommerceMercerie,vente des appareils électroménagers","Parakou,Qtier:Yéboubéri Ilot:GBS14Tél:97958233"
86,"CENTRE D'EDITION NUMERIQUE (CENU)","PK 2013-A-326 DU 04/12/13","Activité photographique - Conception graphique - Base de données - Traitement de texte - Edition - Assistance- Formation administration scolaire - Prestation de service.","Pkou, Qtier:Banikanni Ilot:Maison AMAOUDA Moukaïla Parakou Bénin Tél:97023060 Nom de la gérante: AYIBATIN Christelia Joelle Richie"
87,CHATO,RB PKOU 2013-A-059,"Bâtiments et travaux publics-Assainissement,Aménagement,menuiserie,diverses prestations de services","Parakou,Qtier:Dokparou-Est Ilot:2360-S  Non du gérant:DAFIA KODA Tairou  Tél:97090312"
88,CHEZ MAMAN NABIL,"PK 2013-A-229 DU 14/08/13","Mercerie - Achat et vente de produits tropicaux et vivriers - Vente de matériels de bureau, informatique, des produits d'élévage et agricoles - Quincaillerie - Transport de marchandises","Pkou, Qtier:Amanwignon Ilot:515-Z Tél:64404145 Nom du gérant: SABI KORA Bana"
89,CHRIST CONFECTION,"PK 2013 A 151 DU 15/05/13","ServiceVente de confection des tenues Françaises et Africaines,achat et vente de diverses marchandises,des produits tropicaux,agricoles et forestier,Hôtellerie,Transport.","Parakou,Qtier:Banikanni Tél:97099024"
90,CIA LA PYRAMIDE TOUR,RB PKOU 2013-A-101,"Vente de tous produits GSM, Assistance comptable, fiscale et financière, Communication, Formation, Commerce général.","Pkou Qtier:Oké-Dama Ilot:2057-T Tél:97262739/95109308 Nom du gérant:FOLLY Houessou Maturin"
92,CORA - BTP,RB PKOU 2013-A-019,"BTP-Assainissement - Génie civil - Quincaillerie - Prestation de services - Formation - Commerce général.","Parakou Qtier:Banikanni Ilot:Maison AGBODJIHannan 02BP:1025 Tél: 97095798 Nom du gérant:ADJINAKOU Kossi Guillaume"
93,CORNERSTONE SD,RB PKOU 2013-A-075,"Achat et vente de produits tropicaux, agricoles et vivriers, de matériels informatiques, médicaux et accessoires, Génie civil, bâtiments, Quicaillerie, Taravaux d'entretien et de nettoyage Commerce général.","Pkou Qtier:Amanwignon Ilot:18559-K Tél:95844319 Nom de la gérante: SOUNOUVOU Dossi Fifamey Patricia"
94,DAG ET FILS,"PK 2013-A-252 DU 10/09/13","Achat et vente d portables, cartes de recharge, de produits tropicaux, agricoles, forestiers et boissons - Télécentre - Prête à porter et Bureautique - Restauration - Commerce général.","Pkou, Qtier:Madina Ilot:191-E Tél:97893300 Nom du gérant: DAKO Arnaud Gbèkponoukon"
95,DAMCOS,RB PKOU 2013-A-114,"Achat et vente de matériels informatiques - bureautique - de produits d'entretien et forestiers - Génie civil - Commerce général.","Pkou Qtier:Banikanni Ilot:2503-A  Tél:95087717 Nom du gérant: TOKOUDAGBADèdomé Arnauld"
96,DEMO ET FILS,"PK 2013 A 143 DU 07/05/13","Achat et vente de produits alimenataires et des boissonsFournitures de bureau,imprimerie,transport,BTP,Ménuiserie,quicaillerie,achat et vente de produits tropicaux,agricoles et forestiers,génie mécanique et énergétique,alimentationgénérale.","Parakou,Qtier:Guèma Ilot:1045-LTél:90926683/94985915"
97,"DENAHOU ET FILS ""MAHOUENA""",RB PKOU 2013-A-125,"Hôtellerie - Imprimerie - Bar-Restaurant - Bureautique -Achat et vente des produits agricoles, tropicaux, et forestiers - Alimenetation générale.","Pkou Qtier:Wansirou BP:590 Ilot:353-130Tél:97587825 Nom du gérant: DENAHOU Kouassivi Timoléon Théophile"
98,DIEU BENIT,RB PKOU 2013-A-100,"Commerce général, Fournitures scolaires, Bureautique, BTP,  Alimentation générale.","Pkou Qtier:Banikanni Ilot:1911-E BP:268 Tél:97210485 Nom de la gérante:HOUNSOU Akossia Elisabeth Epse AGUEDJOU"
99,DIEU POURVOIRA & FILS,RB PKOU 2013-A-133,Pressing - Motel - Alimentation générale.,"Pkou Qtier:Titirou Ilot:1374-O BP:712 Tél:97647223 Nom du gérant: AMOUZOU Kokou Cléphas"
100,DJAFAROU,"PK 2013-A-230 DU 14/08/13","Achat ete vente de textiles et d'effet vestimentaires - Prêt à porter - Achat et vente d'appareils électroniques Commerce général.","Pkou, Qtier:ZongoII Maison:BARASSOUNON Moussa Tél:96311861/94729229 Nom du gérant:SOGA Djafarou"
101,DJOLO MAHUTON NIYI WIWA,"PK 2013-A-264 DU20/09/13","Achat et vente de produits alimentaires, tropicaux, agricoles, vivriers et des boissons - Buvette.","Tchaourou, Qtier Wologui Ilot:maison DANWUIGNAN Margueritte Tél: 97528264/94136511 Nom du gérant: DANWUIGNAN Michel"
103,DONUM. DEI,RB PKOU 2013-A-136,"Génie civil, rural et hydraulique - Quincaillerie - Aménagement d'espace vert - Commercialisation des produits tropicaux, agricoles et forestiers - Divers.","Pkou Qtier:Ganou Ilot:1187-P 02BP:235 Tél:95177627/96838165 Nom du gérante: OBOSSOU Ogouwolé K. M. Gilles"
104,DUNIA,"PK 2013 A 209 DU 26/07/13","CommerceQuincaillerie générale,Achat et vente de produits forestiers,commercialisation de jus de fruits,commerce général.","Nikki ,Qtier:Gâh-MaroTél:94451112/96503855"
105,EDYSON,PK 2013 -A-064,"Achat et vente de produits tropicaux,agricoles,vivriers et forestiers,Mercerie,BTP & génie civil,Restauration,Hôtellerie,alimentation générale.","Parakou,Qtier:Albarika Ilot:00470-A  02BP:13  Nom du gérant:EZIN Edgard Yélinha Sètondji"
106,EL SHAMMAH BULDING,RB PKOU 2013-A-005,"BTP-Assainissement; Génie civil; Fourniture d'équipements; Transport; Communication; Commerce général.","Parakou Qtier:Tranza Ilot:378-468 Tél:64292402 BP:18 Pkou Nom du gérant:BOUKO Mikaïla"
107,"ELITE INFORMATIQUE ET BUREAUTIQUE","PK 2013-A-272 DU 26/09/13","Achat et vente de matériels informatiques bureautiques-Photocopie - Restauration - Prestation de service.","Parakou, Qtier:Amanwignon Ilot:AM45-O Tél:97131440 Nom du gérant: YAROU Sanni Mathias"
108,ELMIK ET FILS,RB PKOU 2013-A- 122,"Achat et vente de produits tropixcaux, agricoles, forestiers et de fourniture scolaire -Transport - Quincaillerie.","Pkou Qtier: Banikanni Ilot:113-Q Tél:96654554/94659678 Nom du gérant:MAMA ISSA Karim"
109,ELOGNISSE ET FILS,"PK 2013 A 204 DU 18/07/13","ServiceGénie civil,bureautique,achat et vente de produits pétroliers,formation en informatique et DAO,Conception et réalisation de plan bâtiment,prestation diverses,commerce général.","Parakou,Qtier:Titirou Ilot:5105-HTél:66260577"
110,ELUDOS,"PK 2013-A-258 DU 12/09/13","Diverses prestations de services - Plomberie - Génie civil - Quincaillerie - Fournitures de bureau - Commeerce général.","Pkou Qtier:Kpérou-Guerra Ilot:162-J Tél:97449073/95427235 Nom du gérant: DOHO Cooumlan Stanislas Wilfrid"
111,ELYON IMMOBILIER CONSEILS,RB PKOU 2013-A-116,"Achat et vente de produits forestiers, vivriers, agricoles et tropicaux, de matériels informatiques et de bureau -BTP - Hôtellerie - Restauration - Quincaillerie - Commerce général.","Pkou Qtier:Oké-Dama Ilot:Maison DEBOUROU Tél:95486308 Nom du Gérant:KPOSSOU Jean-Marie Lucas"
112,EMENTO,RB PKOU 2013-A-084,"Entretien général, Plomberie, Carrelage, Electricité et peinture bâtiment, Fourniture et mobilier de bureau, Vernissage, Gérance immobilière, Tontine, Restauration, Location (chaises, bâche, fouchettes, sonorisation), Commerce général.","Pkou Qtier:Ladjifarani Ilot:0000 - A Tél:97231620 Nom du gérant: TOHOUEDE Emile"
113,EMERAUDE,RB PKOU 201-A-012,"Matériels informatiques,Bureautique, Alimentation, Location de véhicules,  Alimentation générale, Divers.","Parakou Qtier:Banikanni Ilot:1764-G Tél:99090099 Nom du gérant:  ADIMI Euloge Chabi Olaléré"
"","","",Industrie,"Parakou,Qtier:Dépôt maison PEDRO Boni ",11 / 29
115,ENC-BTP,PK 2013 A 330 DU 09/12/13,"BTP-Assainissement, Ouvrage d'art, Suivi et contrôle,commerce général.",IssaTél:67773003/65339792  Nom du gérant:PEDRO Mounirou Kouanda,PP
"","","","Diverses prestations de services, Energie solaire, ","",""
116,ENERGIE VERTE,RB PKOU 2013-A-129,"prestations et produits liés - BTP - Bar-restaurant - Hébergement - Achat et vente des produits tropicaux, ",Pkou Qtier:Amanwignon Ilot:AM21-G' Tél:97286809 Nom du gérant:BOHOUN ,PP
"","","",agricoles et forestiers - Commerce général.,Gbèdodé Dègla Benjamin,""
"","","",Industrie,"",""
117,ENTREPRISE CHINOISE DU BENIN,PK 2013 A 208 DU 23/07/13,"Génie civil,Bâtiment travaux publics,Etude et contrôle,hydraulique générale,service traiteur,achat et vente de produits tropicaux,forestiers et ","Parakou,Qtier:Amanwignon maison AGANI ThimothéeTél:94268577",PP
"","","","agricoles,commerce général.","",""
"","","",Industrie,"",""
118,ENTREPRISE GOURA & FILS,PK 2013 A 192 DU 27/06/13,"BTP-Assainissement,menuiserie,quincaillerie,commerce ","Parakou,Qtier:AmawignonTél:95209526",PP
"","","",général.,"",""
"","","","","N'Dali, Qtier:Wobakarou Ilot: maison ",""
119,EPHRATA,PK 2013-A-313 DU 18/11/13,Construction en matériaux locaux - Génie civil - Tourisme et Transport - Réalisation d'espaces verts.,DAOUDA Samson Tél:95393959 96390869 BP:24 Nom du gérant:DAOUDA Agbolawo ,PP
"","","","",Adjayi Ephraïm,""
"","","",Service,"",""
120,ESCALE DU ROUTIER,P2-PK/13-3/200 DU 15/07/1,"Hôtellerie,Tourisme,diverses prestations de services,Bar-Restauration,Alimentation générale.","Parakou,Qtier:Albarika Ilot:897-JTél:95867108",PP
121,ESSOR PLUS,PK 2013-A-324 DU 03/12/13,Achat et vente de matériels informatiques bureautique -Formation - Service internet - Assistance en gestion - BTP - Commerce général.,"Pkou, Qtier:Titirou Ilot:586-09 BP:1439 Tél:97867667/94909799 Nom du gérant:DAHOUEDE Daniel",PP
"","","",Quincaillerie - Transport - Achat et vente de produits ,"",""
122,ETAME - BENIN,RB PKOU 2013-A-132,"tropicaux, agricoles, forestiers et consommables informatiques - BTP - Bureautique-  Restauration - ",Pkou Qtier:Sinagourou Ilot:Q-F Tél:95452774 Nom du gérant:ALLOLA Babatoundé Abdias,PP
"","","",Commerce général.,"",""
"","","",Commerce,"",""
"","","","Achat et vente de fournitures de bureau,librairie et ","",""
"","","","papeterie,produits ","Pkou,Qtier:Zongo",""
123,ETS KPEDETIN ET FILS,P2-PK/13-6 DU 27/08/13,"alimentaires,quincaillerie,BTP,Conseils en gestion et ",Tél:96060942 Nom du gérant:HOUNKPATIN ,PP
"","","","en planification,gestion des ressoures humaines,vente ",Emmanuel,""
"","","","de produits forestiers,agro-","",""
"","","","pastorale,intermediation,conseils ","",""
"","","",Service,"",""
"","","","Restauration,événementiel,bureautique,matériels et ","",""
124,ETS LE BRASSAGE,P2-PK/13-13 DU 22/10/13,"consommables informatiques,installation de vidéo surveillance,alarme  ,imprimerie,impression,affiche,conseils en ","Parakou,Qtier:Tranza maison ABOUDOU ImorouTél:66123827/96799672 Nom du ",PP
"","","","communication,prestation de service,BTP-",gérant:ADJOVI Samson Edouard Vignidjêdé,""
"","","",Assainissement.,"",""
"","","",Commerce,"",12 / 29
125,ETS UIB,PK 2013 A 235 DU 22/08/13,"Achat et vente de matériels informatiques,bureautique,maintenance,livraison,fournitures de bureau,installation,location de voitures et ","Parakou,Qtier:AmawignonTél:95865668 Nom du gérant:KPADONOU Idjiwa Ambroise",PP
"","","","BTP,Commerce général.","",""
126,EUCALYPTUS,PK 2013 A 141 DU 07/05/13,"Achat et vente de produits alimentaires et des boissonsFournitures scolaires,quincaillerie.","Sinendé,Qtier:Sinakparou,Maison GOUNOU TROU Simè LazareTél:95488288/96528711",PP
"","","",Commerce,"",""
127,EXHAUCE,PK 2013 A 290,Achat et vente de produits alimentaires  et des ,"Parakou,Qtier:Dokparou-Est Ilot:2410-AA",""
"","","",boissons-Divers.,Tél:97618088  Nom du gérant:TOSSAVI Ayao,PP
"","","",Industrie,"",""
128,EXPERTISE MULTI SERVICES,P2-PK/13-17 DU 06/12/13,"Génie civil-BTP, Restauration-Agricules, Elevage,Commerce général, ","Parakou,Qtier:GuèmaTél:94540573  Nom du gérant:ZINSOU ",PP
"","","","Hôtellerie,Tourisme,Bureautique, Quincaillerie.",Améhéssouwo Narech Davy,""
129,EXPERTISME BTP,PK 2013-A-254 DU 11/09/13,Génie civil - BTP - Restauration - Agriculture - Elevage -Commerce général.,"Pkou, Qtier:Guèma Ilot:1052-N Tél:94540573/97127214 Nom du gérant:ZINSOU Améhéssouwo Narech Davy",PP
"","","","Achat et vente de produits tropicaux et agricoles, ",Tchaourou Qtier:GoroII Ilot:Maison CHABI ,""
130,F.A.P. DAKOU DE GORO,RB PKOU 2013-A-124,"Production Transformation, et Commercialisation des ",AKPO Tél:96467809 Nom du gérant:CHABI ,PP
"","","","produits agricoles, Elevage.",AKPO Dramane,""
131,FACO - META,PK 2013-A-213 DU 30/07/13,"Achat et vente de pièces détachées (Camion) , de pneus et accessoires  automobiles - Auberge. ","Parakou, Qtier:Kpérou-Guerra Tél:97405198",PP
"","","","","Parakou Qtier:Oké-Dama, Ilot:2721-J ",""
132,FENOU OBA,RB PKOU 2013-A-002,"BTP-Assainissement; Quincaillerie, Elevage; Divers.",Tél:95180882/66994243 Nom du ,PP
"","","","",gérant:GANHOUI Fadonougbo Cohôvi Arsène,""
133,FMCD,PK 2013-A-215 DU 29/07/13,Achat et vente de matériaux de construction - Divers produits.,"Parkou, Qtier:ZongoII, Tél:97822783",PP
"","","","","Parakou, Qtier:Ladji Farani Ilot:55=623-M",""
134,FO-BU-SCO TRANS,PK 2013 A 225 DU 09/08/13,"ServiceTransports,Ttansit,Tourisme,alimentation générale.",Tél:95456665 Nom du Gérant:GAGNON Désiré,PP
"","","",Commerce générale - Prestations diverses - ,"",""
135,FOLACHADE & FRERES,RB PKOU 2013-A-096,Imprimerie - Bureautique - Matériels et consommables ,Pkou Qtier:Guèma Ilot:1039-W Tél:97273730 ,""
"","","",informatiques.,Nom de la gérante: AFIDJI Ayon Nassiratou,PP
"","","",BTP - Etude et travaux Tropographiques Achat et ,"",""
136,GANHO,RB PKOU 2013-A-113,"vente de produits tropicaux, forestiers, agricoles et fournitures de bureau - Génie civil - Commerce ",Pkou Qtier:Banikanni Ilot:R-524 Tél:95534635 Nom du gérant:KOYO Codjo Samson,PP
"","","",général.,"",""
"","","",Mécanique générale,"",""
137,GARAGE AGUEH ET FILS,PK 2013 A145 DU 08/05/13,"vente de pièces détachées,de véhicules d'occasion,de pneus et d'huile à moteur,location ","Parakou,Qtier:Zongo Ilot:206-STél:96273327",PP
"","","","véhicules,prestations diverses.","",""
"","","","Achat et vente de pièces détachées,de pneus et ","",""
138,GARAGE PSAUME 91,PK 2013 -A-065,"accessoires automobiles,Mécanique auto-Location de ","Parakou,Qtier:Kpébié Ilot:203-B Tél:97635164 ",PP
"","","","véhicules,commerce général.",Nomdu gérant:CAPO CHICHI Abdou Salam,""
139,GARAGE SAINT PIERRE SAINT PAUL,PK 2013-A-263 DU20/09/13,Mécanique auto - Achat et vente de pièces détachées et lubrifiants.,"Pkou, Qtier:Banikanni Ilot:133-P Tél:97448220 Nom du gérant: GNIMASSOU Ninyéligbin Germain",13 / 29PP
140,GARDIENNAGE ET MANUTENTION PARAKOU,PK 2013-A-271 DU 25/09/13,Diverses prestations de services - Gardiennage - Manutention  - Mécanique engins lourds.,"Parakou, Qtier:Dépôt Ilot: Domaine OCBN Tél:95819932 Nom du gérant: CODJIA Louis",PP
"","","","Achat et vente de produits tropicaux, agricoles, vivriers ","",""
141,GBANGOU & FILS,PK 2013-A-216 DU 30/07/13,et forestiers - Construction des ouvrages - Réalisation des forages - Vente de ciment - Mercerie - Commerce ,Bembèrèkè Qtier:Ina3 Maison:GBANGOU Abdoulkader S.,PP
"","","",général.,"",""
142,GENERAL BUSINESS GROUP (GBG),PK 2013 A 146 DU 13/05/13,Achat et vente de produits tropicaux et autres produits agricolesproduits forestiers et vivriers.,"Parakou,Qtier:Swinrou Ilot:2437-X Tél:97365697/95970857",PP
143,GKB AFRIQUE,PK 2013-A-317 DU 25/11/13,"Achat et vente de produits tropicaux, agricoles, vivriers, forestiers et tissus bazins - Mercerie - commerce général.","Nikki, Qtier:Gourou Ilot:Maison: GUINTEROU Tél:96972940 Nom du gérant:EL-HADJ KASSIM Machihoudou",PP
144,GLOBAL CONTRACTOR,RB PKOU 2013-A-004,BTP-Assainissement; Menuiserie; Fourniture d'équipements; Transport; Commerce général.,Parakou Qtier:Tranza Ilot:443-F Tél:95336247 BP:256 Nom du gérant: SOPODOU Yves Marc Zakari,PP
"","","",Commerce,"",""
145,GLOBAL SANTE VISION,PK 2013 A 191 DU 27/06/13,"Achat et vente d'articles optiques,Montage et vente de verres ophtamics,consultation ophtalmogique,conseils nutritionnel pour la santé de la vision,gymnastique ","Parakou,Qtier:Oké-Dama Ilot:2720-ATél:97724789",PP
"","","",oculaire.,"",""
"","","",Commerce,"Parakou,Qtier:Dokparou maison OLODO ",""
146,GLORY MERRY,PK 2013 A 294 DU 18/10/13,"Production et commercialisation de fromage,achat et vente des produits tropicaux,agricoles,forestiers et ",ErnestTél:67423699 Nom de la gérante:SALIFOU ,PP
"","","","vivriers,commerce général.",GAOU Naïlatou,""
"","","","Achat et vente de produits tropicaux, agricoles, ",Parakou Qtier:Banikanni Ilot: Maison ,""
147,GLORY OF GOD,RB KOU 2013-A-014,"forestiers et vivriers, de portables et accessoires, ",COSMOS N'Dubuisi Tél:97184373/95838544 ,PP
"","","","Quincaillerie, BTP, Bureautique, Cyber café, Divers.",Nom du gérant:SOSSOU Dossou Serge ,""
"","","",Bâtiment et travaux publics - Assainissement - ,"",""
148,G-MONRE,PK 2013-A-217 DU 30/0713 ,"Formation pratique - Matériaux de construction - A chat et vente de produits tropicaux, agricoles et forestiers - ","N'DALI, Qtier:Bori, Maison GORADO Bio Amadou Tél:94710205",PP
"","","",Prestations de services.,"",""
"","","",Commerce,"",""
"","","","Achat et vente de produits tropicaux,cosmétiques et de ","",""
149,GOD LOGISTIC CENTER,PK 2013-A-174 DU 11/06/13,"voitures d'occasion,location de voiture,recherche de Frêt,Transport de marchandises,Renforcement de ","Parakou,Qtier:Ladjifarani Ilot:644-BTél:97404982",PP
"","","","capacité en transport et logistique,prestation de ","",""
"","","",service.,"",""
"","","",Commerce,"",""
150,GOUNOU. N'GOBI & FILS,PK 2013 A 278 DU 03/10/13,"Achat et vente des produits tropicaux,forestiers,agricoles et vivriers,commerce ","Parakou,Qtier:Tourou Ilot:109-ITél:97901023/95154028  Nom du ",PP
"","","",général.,gérant:GOUNOU N'GOBI Alidou,""
"","","",Achat et vente de produits alimenetaires - congelés - ,Pkou Qtier:Kpébié Ilot:194-C 03BP:97 ,14 / 29
151,GRAFADI ET FILS ,RB PKOU 2013-A-090,"agricoles - tropicaux  et forestiers - Elevage - Vente de charbons, des bêtes, de la volailles -Fournitures de ",Tél:66979740/96428272 Nom de la ,PP
"","","",bureau - Commerce général.,gérante:KPANOU Anne,""
"","","","Hôtellerie, BTP-Génie civil, Scierie, Bureautique, ","",""
"","","","Quincaillerie, Bar-Restaurant, Achat et vente de pièces ",Parakou Qtier:Sinagourou Ilot:2093-H ,""
152,GREEN FREE LAND,RB PKOU 2013-A-003,"détachées neuves et d'occasion, Lubrifiants, Transport, Achat et vente de produits ",02BP:395 Tél:97888990/ 97720473 Nom de la gérante:GBAGUIDI Ahossito Eveline Louise ,PP
"","","","tropicaux,agricoles,forestiers et vivriers, Prestations de ",Léocadie,""
"","","","services, Alimentation générale.","",""
"","","","Matériels, Mobilier et Equipement de bureau, Matériel ","",""
153,GROUPE ALPHA KIRE,RB PKOU 2013-A-098,"de construction metallique, Matériels électroniques et ",Pkou Qtier:Kadera Ilot:182-M  Tél:97688946 ,""
"","","","électro ménagers, Bâtiment travaux publics; Divers",Nom de gérant:ABOUDOULAYE Séïbou,PP
154,GROUPE MEDIUM VISION,RB PKOU 2013-A-036,Diverses prstations de services - Bureautique - Informatique - BTP - Restauration.,Parakou Qtier:ZongoII Ilot:546-L BP:686 Tél:96237343 Nom du gérant: DEGBE Salomé Erhel Enagnon,PP
"","","",Génie civil -Topographie - Géométrie - Hébergement - ,"",""
"","","",Restauration - Bar Service traiteur - Agro-pastorale - ,Parakou Qtier: Albarika Ilot:2232-f ,""
155,GTG KOTOKO & FILS KADJOGBE,RB PKOU 2013-A-043,"Achat et vente de produits tropicaux, de parcelle et ",Tél:95542649/97645692 Nom du ,PP
"","","",autres - Dépôt de boissons SOBEBRA - ,gérant:KOTOKO Affoudji Achille,""
"","","",Assainissement - Bureautique - Poissonnerie.,"",""
"","","","Achat et vente de produits tropicaux, agricoles et ",Pkou Qtier:Banikanni Ilot:1234-B ,""
156,GUEREC,RB PKOU 2013-A-115,forestiers -Transport - Diverses prestations de ,Tél:95903772 Nom du Gérant: GUEDOU ,PP
"","","",services.,Winsou René,""
"","","",Hôtellerie - Hébergement - Achat et vente de produits ,Parakou Qtier:Zongo-Est Ilot:1621-C ,""
157,GUSUNU KINRU,RB PKOU 2013-A-058,"tropicaux,forestiers,agricoles et SOBEBRA,BTP-génie ",02BP:1260 Tél:97518637/ 95459549 Nom du ,PP
"","","","civil,prestations de services.",Gérant:LODEOU Sylvestre,""
"","","",Achat et vente de produits Alimentaires et des boisons -,"",""
158,HOBBY,PK 2013-A-309,"Hôtellerie - Restauration - Vente des appareils électroménagers, de véhicules, motos, portables et ","Pkou, Qtier: Albarika Ilot:70-J Tél:67638367 Nom du gérant: AZIANOUGBE Kokouvi",PP
"","","",accessoires.,"",""
159,HÔTEL IFE OLUWA,RB PKOU 2013-A-078,Prestation en tourisme - Hôtellerie - Restauration - Service traiteur - Quincaillerie - Commerce général.,Pkou Qtier:Titirou Ilot:1383 -D BP:334 Tél:97090049 Nom du gérant: BALOGOUN Amos,PP
"","","","Génie civil - BTP, route et ponts, Hôtellerie, Bar-",Parakou Qtier:Tranza Ilot:14639-A ,""
160,ICI BAS,RB PKOU 2013-A-006,"Restaurant, Transport, Achat et vente de produits ",Tél:97584388 BP:18 Nom du gérant: ,PP
"","","","forestiers, Commerce général.",ADJAHOSSOU Félix,""
"","","",Industrie,"",""
161,ICONE DES CONSTRUCTEURS DU BENIN (ICB),PK 2013-A-173 DU 11/06/13,"Génie-civil,BTP,piste de desserte rurale et divers,aménagement ,prestation de ","Parakou,Qtier:Amawignon Ouest Ilot:WG40-BTél:94107815/96781228",PP
"","","","service,informatique","",""
"","","","Etude environnementale - Inégiénierie de l'Eau , de ",Parakou Qtier:Albarika Ilot:910-H 02BP:716 ,""
162,IREE.BE,RB PKOU 2013-A-054,"l'Environnement, des BTP et du Développemnt local, ",Tél:97763910  Nom du gérant: SANOUSSI ,PP
"","","",Etudes et réalisations,Razaki,""
"","","",BTP-Assainissement - Commercialisation des produits ,Tchaourou Qtier:Worogui Ilot:Maison ,""
163,"IRETI-""BM & FILS""",RB PKOU 2013-A-057,"agricoles, tropicaux et forestiers - Restauration - ",BAGOUDOU Ibrahim Tél:97601680 Nom du ,PP
"","","",Quincaillerie - Commerce général.,gérant: BAGOUDOU MOUMOUNI Ibrahim,""
164,IRIKPE BATE,P2-PK/13-1,"Achat et vente de voile,draps,sacs,chaussures,exploitation,vente de consommables informatique et dérivés,maintenance,bureautique,papeterie,bols ,émaillés.","Parakou,Qtier:Amanwignon  Ilot:519-O T él:97773952  Nom de la gérante:BOUKARI Fatouma"
165,ISABO ET FILS,RB PKOU 2013-A-051,"Boucherie - Achat et vente de bétails, de produits tropicaux, agricoles, forestiers et vivriers.","Parakou Qtier:Ouézé Ilot:157 -G Tél:97481939 Nom du gérant:BABONI Issaou"
166,ISBAAI,"PK 2013-A-248 DU 05/09/13","Achat et vente de pièces détachées, d'huile à moteur - Transport - Vente des casettes et CD -Commerce général.","Parakou, Qtier: Guèma Ilot:104-G Tél:97136994 Nom du gérant: ABDOUL GANIOU Soumaïla"
167,ISSIBA ET FILS,"PK 2013-A-256 DU 11/09/13","Prestation de services, Formation en management, Gestion, Montage de plan d'affaires, Formation de bureau, matériels et consommables informatiques, produits alimentaires, BRP, Confection d'écharpe et divers, Commerce général.","Pkou, Qtier: ZongoII iLOT/536-117 Tél:95968449 Nom du gérant:  ADJINDA Banigbé Bathélémy"
168,J & M CENTER,RB PKOU 2013-A-056,"Bureautique - Saisie  Prestation de service - Commercec général.","Parakou Qtier:Dépôt Ilot:Maison Moumouni Abibe Tél:94119311 Nom du gérant:DOKOUNDE Jaurès Comlan Franzel"
169,JAMAL-METAL,"PK 2013 A 292 DU 17/10/13","CommerceQuincaillerie générale,achat et vente de produits tropicaux,agricoles,forestiers,de portables et motos,commerce général.","Nikki,Qtier:Bouco Sowa maison CONDETél:97111712/94182754 Nom du gérant:CONDE Ahmed"
170,JECHO-RAMI,RB PKOU 2013 A 15,"BTP-assainissement,quincaillerie,commerce général.","Parakou,Qtier:Woré  Tél :97 60 86 78  Nom du gérant:ADJAKPA Banigbé Elie"
171,KABE KAKOUNGOU,PK 2013 -A-066,"Achat et vente de produits tropicaux,agricoles,vivriers et forestiers,bazins,Commerce général.","Parakou,Qtier:Gâh  maison DJAOUGA Aboubacar  Tél:97089155   Nom du gérant:MOHAMED Abgabid"
172,KADARA TRANSPORT,"PK 2013-A-260 DU17/09/13","Transports - Achat et vente de produits tropicaux, forestiers, agricoles et de pièces détachées - Quincaillerie - Commerce général.","Pkou, Qtier:Tranza Ilot:372-307 Tél:94288175/97988775 Nom du gérant: OGOUBIYI Lawani"
173,KADI ET FILS,"PK 2013-A-249 DU 04/09/13","BTP-Assainissement - Production et Commercialisation des produits et intrants agricoles - Hôtellerie - Commerce généraL.","Pkou, Qtier: ZongoII Ilot:411-4 Tél:96946484 Nom de la gérante: ADJALLO ABDOULAYE ALFA Adidja Poulo"
174,KAREL,"PK 2013-A-289 DU 16/10/13","Achat et vente des produits tropicaux, agricoles, forestiers, vivriers, d'entretien et de véhicules, Bureautique; BTPet génie civil; Quincaillerie; Prestation de service; Commerce général.","Pkou; Qteir:Ladji Farani, Ilot:HAMADOU Djinindou Tél:96168105/97575469 Nom dugérant: ATOHOUN Kouassi Gontran"
175,KATUNTCHE,RB PKOU 2013-A-093,Alimentation générale - BTP,"Pkou Qtier:Albarika Ilot:933-U BP:123 Tél:96265026 nom de la gérante: ALIOU Alimatou"
176,KENAS,PK 2013 -A-062,"Achat et vente de produits forestiers,vivriers de céréales,agricoles et tropicaux,Commerce géénral.","Parakou,Qtier:Tranza Ilot:6017-B Tél:97848988  Nom du gérant:GBEDJI Zinsou Nazaire"
"","","",Achat et vente des produits de la SOBEBRA,"Sinendé,Qtier:Gourou Maison ZIME ",16 / 29
178,KIMBA,PK 2013 A 155 DU 17/05/13,"Achat et vente des produits alimentaires et des boissons,tropicaux,agricoles,forestiers,Bureautique,Ser",Abdoulaye,PP
"","","","vice traiteur,Commerce général.",Tél:97770684,""
"","","",Bureautique - Alimentation générale - Quincaillerie - ,Pkou Qtier:Banikanni Ilot:88-16 BP:237 ,""
179,KINNOU & FILS,RB PKOU 2013-A-091,Pneumatique - Vente d'oulils informatique et électronique - BTP - Vente de produits tropicaux et ,Tél:95826284/97767445 Nom du ,PP
"","","",agricoles - Poissonnerie - Commerce général.,gérant:INOUSSA ASSOUMA Abdou Wakilou,""
"","","",Transport- Quincaillerie - BTP - Achat et vente de ,"",""
180,KOSSA SEKO ET FILS,RB PKOU 2013-A-88,"produits tropicaux, agricoles, vivriers et de céréales, ",N'Dali Qtier:Suanin Ilot:C/SB Tél:64165633 ,PP
"","","",Commerce général.,Nom du gérant: KOSSA SEKO Yacoubou,""
181,KPATAGNON,PK 2013 A 186 DU 18/06/13,"CommerceAchat et vente de produits alimentaires et des boissons,quincaillerie,achat et vente de lubrifiants.","Parakou,Qtier:Gbira maison ISSA SalifouTél:96296515",PP
"","","",Commerce,"",""
"","","","Achat et vente de fournitures de bureau,librairie et ","",""
"","","","papeterie,Produits ","",""
182,KPEDETIN ET FILS,PK 2013 A 237 DU 23/08/13,"alimentaires,Quincaillerie,BTP,Conseils en gestion et en planification,Gestion des ressources humaines,vente de produits forestiers,agro-","Parakou,Qtier:ZongoTél:96060942  Nom du gérant:HOUNKPATIN Emmanuel",PP
"","","","pastorale,intermédition,conseils en ","",""
"","","","informatiques,marketing social et communication ","",""
"","","","d'entreprise,Commerce général.","",""
"","","",Commerce,"Sinendé,Qtier:Sikki II Maro Ilot:60-A",""
183,LA FAVEUR,P2-PK/13-12 DU 21/10/13,"Commerce général et divers,achat et vente des prdouits de la SONACOP,vente de matériaux de ",Tél:96506888 Nom du gérant:ADAMOU ,PP
"","","","construction,ciment ,alimentation générale.",ASSOUMAN Alassane,""
184,LA MAISON DES ANIMAUX,PK 2013-A-284 DU 10/10/13,"Achat et vente de'aliments destinés à la volaille, au bétail et accessoires. ","Pkou, Qtier: Banikanni Ilot:138-L Tél:96171346/94039512 Nom du gérant: KINTO Yéïmpabou Sèna Firmin",PP
"","","",Commerce,"",""
185,LA PATIENCE,PK 2013 A 162 DU 27/05/13,"Achat et vente de produits alimentaires et des boissons,de produits tropicaux,agricoles,forestiers et ","Parakou,Qtier:Dokparou Ilot:2013-TTél:97120734",PP
"","","","vivreirs,transport,alimentation générale.","",""
186,LA PERSEVERANCE PLUS,RB PKOU 2013-A-119,Transports routiers de marchandises - Commerce général.,Pkou Qtier:Banikanni Ilot:Maison ABDOU Imorou Tél:97135934 Nom du gérant: BOKOSSA Nounagnon Jérémie,PP
"","","",Achat et vente de produits forestiers - Eploitation d'une ,"",""
"","","","scierie et divers, Construction de bâtiment - ","",""
187,LA PROVIDENCE,P2-PK/13-15 DU 30/12/13,"Exploitation de bar, restaurant, hôtel, dancing - Bureautique - Cyber - Transport - BTP, génie civil - Vente de produits tropicaux, agricoles, forestiers et ","Pkou, Qtier:Camp-Adagbè Tél:95452623 Nom du gérant: TAVISSA Gaston",PP
"","","",vétérinaires  - Boulangerie - Pâtisserie - Dépôt ciment ,"",""
"","","",et produits SOBEBRA - Commerce général.,"",""
"","","","",Pkou Qtier:Tranza Ilot:131-614-A BP:890 Nom ,""
188,LA PROVIDENTIELLE,RB PKOU 2013-A-103,"Prestation de service, Transport, Génie civil, Service traiteur, Bureautique, Commerce général.",de la gérante: ATCHADE Epse WHANNOU Mêmounatou,PP
"","","",Hôtellerie,"",17 / 29
189,LA REFERENCE MONBOUETTE,PK 2013 A142 DU 07/05/13,"Restauration,débit de boisson,Aménagement d'espace vert et entretien,achat et vente de textiles,de produits cosmétiques,tropicaux,agricoles et ","Parakou,Qtier:Oké-Dama Ilot:294-PTél:64583055",PP
"","","","forestiers,bureautique,alimentation générale.","",""
"","","",Génie civil - BTP - Fabrication mécanique - ,"",""
190,LA SAINTE GRACE,PK 2013-A-267 DU24/09/13,"Construction métallique - Achat et vente de matériaux de construction, de produits tropicaux, agricoles, vivriers et de fournitures de bureau - Prestations de ","Pkou, Qtier:Zongo Ilot:1575-261 Tél:97120711/64409707 Nom du gérant: ABALO IMOROU Moukaïla",PP
"","","",services.,"",""
191,LA SCIE NE MENT PAS,PK 2013-A-231 DU 16/08/13,"Achat et vente de produits forestiers, tropicaux, agricoles et vivriers - Dépôt de ciments - Quincaillerie - BTP - Génie civil - Commerce général.","Pkou, Qtier:Banikanni Ilot:512-E Tél:97452146/94362476 Nom du gérant:ALLOU GOGUE Démon",PP
"","","",BTP - Pavage - Génie civil - Commercialisation de tous ,"",""
192,LANGAM LEADER,PK 2013-A-163 DU 27/05/13,"produits tropicaux, forestiers et agricoles- Consultation -vente de matériels informatiques et bureautiques- Quincaillerie - Restauration - Travaux d'énergie et de ",Nikki Qtier:Danri Ilot:maison Alassane IDRISSOU Tél:93142348/98645119,PP
"","","",logistiques - Prestations de services.,"",""
193,LATIF BIEGBA,PK 2013-A-282 DU 08/10/13,"Achat et vente de portables et accessoires, d'appareils électroménagers, de pièces détachées et voitures, Transport, Commerce général.",Bembèrèkè Qtier: Kossou Ilot:maison AKINLOYI Latifou Tél:96383342 Nom du gérant:AKINLOYI Latifou,PP
"","","",Service,"",""
194,LE BOIS,PK 2013 A 198 DU 08/07/13,"Menuiserie,Ebénisterie,charpente,meubles,BTP,Quincaillerie,vente de produits tropicaux,forestiers,agricoles ","Parakou,Qtier:Banikanni Ilot:B-2150Tél:94548854",PP
"","","","et vivriers,restauration,commerce général.","",""
"","","",Service,"",""
195,LE BRASSAGE,PK 2013 A 221 DU 07/08/13,"Restauration,Evénementiel,bureautique,matériels et consommables informatiques-installation de vidéo-surveillance-alarme-Imprimerie-Impression-Affiche-","Parakou,Qtier:Tranza maison ABOUDOU Imorou Tél:66123827/96799672  Nom du ",PP
"","","",Conseils en communication-Prestation de service.,gérant:ADJOVI Samson Edouard Vignidjêdé,""
196,LE DEFI,RB PKOU 2013-A-025,BTP-Assainissement - Etudes techniques et Réalisations en BTP - Commerce général et Divers.,Parakou Qtier:Boundarou Ilot:359-01 Tél:96082860/95851069 Nom du gérant: BACHABI El-Hadi,PP
"","","",Diverses prestations de services - Vulcanisateur - ,"",""
197,LE DON DE DIEU,PK 2013-A-327 DU 05/12/13,"Achat et vente de pneus, motos, pièces détachées, accessoires automobiles et groupes électrogènes - Produits agricoles, tropicaux et forestiers - Commerce ","Pkou, Qtier:Ganou Ilot:1169-D Tél:97435283 Nom du gérant: CHABI ATCHADE Mathieu",PP
"","","",général.,"",""
"","","",Restauration - Bar-restaurant - Hôtellerie - Eploitation ,"",""
"","","",d'une boîte de nuit - Bureautique - Cabine ,"",""
198,"LE GHETTO""",RB PKOU 2013-A-033,"téléphonique - Quincaillerie - Mercerie - BTP - Génie civil - Achat et vente de fournitures scolaires, de ",Parakou Qtier:Tranza Ilot:401-E Tél:97291531 Nom du gérant: KORA MAGAZI Amidou,PP
"","","","produits agricoles, tropicaux et forestiers - Alimentation ","",""
"","","",générale. ,"",""
"","","",Hôtellerie - Service traiteur - Achat et vente de ,Parakou Qtier:Suinrou Ilot:2431-D 02BP:536 ,18 / 29
199,"LE GOURMANTCHE""",RB PKOU 2013-A-026,"matériels de construction, informatique, de produits tropicaux et pétroliers - Transport - Bureautique - ",Tél:97484348/95851754 Nom du ,PP
"","","",Divers.,gérant:TOKO Sanni,""
200,LE PARTENARIAT,PK 2013-A-265 DU20/09/13,Construction de bâtiments - Maçonnerie - Quincaillerie -Alimentation générale.,"Pkou, Qtier:Banikanni Ilot:885-K Tél:97763354 Nom du gérant: BACHABI WABI Abdel Djélil",PP
201,LE PIC,RB PKOU 2013-A-120,Conseils juridiques - Etude - Formation - Evaluation - pretation de service.,Pkou Qtier:Dépôt Ilot:1124-51 Tél:95604877 Nom de la gérante:ALIANSSI Appoline,PP
202,LE PIONNIER,RB PKOU 2013-A-089,Restauration - Bar -Maquis - Service traiteur - Commerce général.,Pèrèrè Qtier:Ourarou Ilot:maison DJIGBENOU Georges Tél:97318259 Nom de la gérante: HABIBOU Roubatou,PP
"","","",Industrie,"",""
203,LE PRESTIGE,PK 2013-A-176 DU 11/06/13,"BTP-Assainissement,Ouvrage d'art,menuiserie bois & aluminium,hydraulique villageoise,amenagement,forage,quincaillerie,produits ","Parakou,Qtier:Gbira Ilot:1106-BTél:95912213/96016758",PP
"","","","forestiers,vivriers,tropicaux,alimentation générale.","",""
204,LE REPAS,PK 2013-A-242 DU 30/08/13,Hôtellerie - Restauration - Bar - Gestion immobilière.,"Parakou, Qtier:Tranza Ilot:376-403 Tél:67404115 Nom du gérant: LAFIA Brice Armand",PP
"","","","Achat et vente de produits forestiers ,vivriers et de ","",""
205,LE REVEIL,PK 2013 -A-061,"cérales,de la SOBEBRA,Bureautique,Restauration,commerce ","Parakou,Qtier:Tourou 4 Maison FAGNIHOUN Gilbert Tél:97138719  Nom du ",PP
"","","",général.,gérant:FAGNIHOUN Gilbert ,""
206,LE ROYAL,RB PKOU 2013-A-023,"Achat et vente de produits alimentaires, des produits SOBEBRA, Services traiteur.",Parakou Qtier:Kpérou-Guera Ilot:2565-K BP:53 Pkou Tél:95129223 Nom du gérant: AKPO Koba Vivien,PP
"","","","Bâtiments et travaux publics-Assainissement,génie ","",""
"","","","civil,électricité,restauration,fourniture de ","",""
207,LE SULTAN,PK 2013 -A-068,"bureau,matériels et consommable informatique,quincaillerie,achat et vente de produits ","Parakou,Qtier:Titirou Ilot:1338-Y  Tél:96907662  Nom du gérant:AGUEMON ",PP
"","","","tropicaux,agricoles,vivriers et forestiers,commerce ",Ayissè Abdul Aziz Enock,""
"","","",général.,"",""
"","","",BTP - Assainissement - Génie civil - Quincaillerie ,"",""
208,LE TALENT DIVIN,RB PKOU 2013-A-080,"générale - Alimentation - Achat et vente de produits tropicaux,agricoles et forestiers - Hôtellerie - Bar-",Pkou Qtier:Orou Guererou Ilot:C-152 J Tél:95194089/97362694 Nom du gérant: ,PP
"","","","restaurant, Prestations de services et Divers",GBESSO Essèwanou Norbert,""
"","","","Restauration - Hébergement, Bar, Services traiateur, ",Parakou Qtier:Amanwignon Ilot:472 ,""
209,LE TRAITEUR,RB PKOU 2013-A-009,"Achat et vente de produits forestiers, Sonorisation, ",Tél:94298928 02BP:1121 Nom du ,PP
"","","",Locatuon de véhicules et Divers,gérant:HOUNTONDJI Ignace,""
"","","",Service,"",""
210,LE VRAIS CHANGEMENT,PK 2013 A 201 DU 15/07/13,"Hôtellerie,prestations de services,service traiteur,Quincaillerie,BTP,Achat et vente des produits tropicaux,agricoles,forestiers et ","Parakou,Qtier:Dokparou Ilot:84-ADTél:93135850",PP
"","","","vivriers,Transport,Alimentation générale.","",""
"","","",Services,"Parakou,Qtier:Zongo maison BIO KANSI Boni ",19 / 29
211,LES ETOILES LABAZ,PK 2013 A 318 DU 27/11/13,"Hôtellerie, Location de véhicuke, achat et vente, commerce général",GanséTél:97127212 Nom du gérant:ZINSOU Landry Barnabé,PP
"","","",Commerce,"Parakou,Qtier:Albarika Maison OROU Yarou",""
212,L'ESPERANCE EN DIEU,PK 2013 A 320 DU 28/11/13,"Achat et vente de fournitures de bureau,matériels informatique et roulants,produits alimentaires, ",Tél:95081608/96701873  Nom du ,PP
"","","",Commerce général.,Gérant:HOUNON Gbèmahonmèdé Xénophon,""
213,LIVING-STONE,PK 2013 A 188 DU 25/06/13,"ServiceDistribution de gaz domestique,vente de produits lubrifiants,bureautique,sonorisation et divers.","Parakou,Qtier:Zongo 2Tél:97114672/95293550",PP
214,L'OEUVRE DE DIEU CHAZ MAMAN ANNICK,RB PKOU 2013-A-007,Restauration - Buvette - Alimentation générale et Divers.,Parakou Qtier:Oké-Dama Ilot:2710-I Tél:96274008 Nom de la gérante: TETE Christiane,PP
"","","",Formation - Maintenance-réseaux -Consommable ,"",""
215,LOLO INFORMATIQUE,RB PKOU 2013-A-123,"informatique - Cyber - Achat et vente de produits SOBEBRA? agricoles, forestiers et tropicaux, ",Pkou Qtier:Zongo Nord Ilot:543-L BP:1179 Tél:97489929 Nom du gérant:TONOUKOUIN ,PP
"","","",Commerce général.,Tognissé Georges Euloge ,""
"","","","Hôtellerie - Achat et vente de produits forestiers, ","",""
216,LOUANE BUSINESS,PK 2013-A-328 DU05/12/13,"agricoles, tropicaux, vivriers et céréales - Vente de matériels informatiques - Rsestauration - BTP - ","Pkou, Qtier:Tranza Ilot:maison AKPO Pierre Tél:96781800 Nom du gérant:TOUDONOU ",PP
"","","",Commerce général.,Sémako Gydas Roméo,""
"","","","Alimentation générale, vente de tissus, cabine ","",""
217,L'UNION,PK 2013-A-270 DU 25/09/13,"téléphonique, photocopie, impression diverses - Hôtellerie - Restauration - BTP et génie civil - ","Parakou, Qtier:Guèma Ilot:Domaine public Tél:96370368 Nom du gérant: BIO DAMA ",PP
"","","",Prestation de service.,TABE Yacoubou,""
"","","",Service,"",""
218,M.L-TRANSPORT,PK 2013 A 196 DU 05/07/13,"Transport routiers de marchandises,tourisme,achat et vente de produits tropicaux,agricoles,forestiers et ","Parakou,Qtier:Sinagourou Ilot:163-ATél:97448302",PP
"","","","vivriers,commerce général.","",""
219,MADOUGOU ET FILS,PK 2013-A-304 DU 07/11/13,Transport routiers de marchandises - Vente de lubrifiants et accessoires - Commerce général.,"Pkou, Qtier:Bakincoura Ilot:Maison:AMADIRA Tél:97475450 Nom du gérant:MOUHAMED SIDI MADOUGOU Ali",PP
"","","",Service,"",""
220,MAFOYA,PK 2013 A 299 DU 29/10/13,"Hôtellerie,Restauration,quincaillerie,achat et vente de produits tropicaux,agricoles et forestiers,vente de ","Parakou,Qtier:Titirou Ilot:4772-STél:97007727 Nom du gérant: ASSOGBA ",PP
"","","","pièces détachées,alimentation générale.",Kossoun Marcel,""
"","","",Service,"",""
"","","","Location de voitures-Hôtellerie,hébergement,bar-","",""
221,MAGI.TOUR,PK 2013 M 223 DU 07/08/13,"restaurant,prestations de services,bureautique,quincaillerie,achat  et vente de ","Parakou,Qtier:Nima Ilot:2128-DTél:95455949/97727258 Nom du ",PP
"","","","produits tropicaux,agricoles et forestiers,commerce ",gérant:MAMA GUIA Issiaka Massihoudou,""
"","","",général et divers.,"",""
"","","","L'importation et l'exportation -Transport-Logistique, ","",20 / 29
"","","","bâtiment et travaux publics, généie civil, Achat et vente ","",""
"","","","de produits tropicaux, agricoles, et forestiers, ","",""
"","","","exploitation d'auberge, de bar, de restaurant et d'hôtel. ","",""
222,MAHOUENA DIVINE MISERICORDE SARL,RB PKOU 2013-B-003,"La quincaillerie, l'alimentation générale, bureautique et prestation de service. Education et divers.",Pkou Qtier:Amanwignon Ilot:1022-N Tél:97444013 Nom de la gérante: AYIGBEDE ,PM
"","","",Et plus généralement toutes opérations économiques ,Odjouolakpé Yasmine Estelle Victoire,""
"","","",entrant dans l'objet social ou susceptibles d'en ,"",""
"","","","favoriser le développement. Toutes opérations, ","",""
"","","","représentations, commissions et","",""
"","","","Transport - Achat et vente de produits forestiers, ","",""
223,MALAÏKA/TRANSPORT,PK 2013-A-168 DU 30/05/13,"tropicaux, agricoles et vivriers - Quincaillerie - Commerce général.",Pkou Qtier:Zongo2 Ilot:520-B' BP:724 Tél:23611092/66226067,PP
"","","",Commerce,"",""
"","","","Achat et vente de prdouits forestiers,tropicaux et ","",""
224,MANOUS & FILS,PK 2013 A 206 DU 22/07/13,"agricoles,Dépôt de produits  de la SOBEBRA et ciment,transport,fournitures et matériels de ","Parakou,Qtier:Ganré Ilot:5297-HTél:97320839/95865672",PP
"","","","bureau,matériels informatiques et accessoires,BTP-","",""
"","","",Diverses prestations de services.,"",""
"","","",Service,"Parakou,Qtier:Ladji Farani  Ilot:Domaine de la ",""
225,MAQUIS JARDIN D'EDEN,PK 2013 A 233 DU 19/08/13,Restauration-Auberge-Bar-Restaurant-Bureautique-Poissonnerie-Crèche garderie-Pressing-Dépôt-,mairieTél:97163515  Nom du gérant: HOUNSAVI ,PP
"","","",Sobebra-Hôtel- Génie civil-Commerce général,Reine,""
"","","",Commerce général - Achat et vente de produits ,"",""
226,MARHABA,RB PKOU 2013-A-085,"tropicaux, agricoles et forestiers, BTP, Quincaillerie, ",Pkou Qtier:Guèma Ilot:1031 C Tél:97117653 ,""
"","","",Transport.,Nom du gérant LAFIA Abdou ,PP
227,MAWEKPON,PK 2013 A 203 DU 18/07/13,"Achat et vente de produits alimentaires et boissons,produits de la SOBEBRA,Fournitures de bureau,matériels informatiques,mercerie et divers.","Parakou,Qtier:LadjifaraniTél:97090231",PP
"","","",Commerce,"",""
228,MEILLEUR GRAINS:MG,PK 2013 A 195 DU 02/07/13,"Achat et vente des produits tropicaux,agriocles,vivriers et forestiers,transport,quincaillerie,restauration,commerce ",Bembèrèkè Qtier:Gamia -Ouest Maison TOUNDOTél:64190459/96703148,PP
"","","",général.,"",""
"","","","",BembèrèkèQtier:Gamia-Ouest Ilot:maison ,""
229,MEILLEUR GRAINS; MG,P2-PK/13-8 DU 27/09/13,"Activité ajoutée: Affermage d'eau, marché, BTP.",TOUNDO Alimi Nom du gérant: TOUNDO ,PP
"","","","",Alimi Yaho,""
"","","","Etude, Contrôle et Suivi des travaux de BTP - ","Pkou, Qtier:ZongoII iLOT/1584-K ",""
230,MG-NEW-CONSTRUCTION,PK 2013-A-244 DU 03/09/13,Conception architecturale - Réalisation des ouvrages de génie civil - Etancheite - Hydraulique et décoration ,Tél:95154485 Nom du gérant: COMBETTO M ,PP
"","","",immobilière.,adougou Y. Nelson,""
"","","",Achat et vente de produits alimentaires et boissons- de ,"",""
231,MINI PRIX,RB PKOU 2013-A-109,"produits tropicaux, agricoles, vivriers, forestiers et ",Pkou Qtier:Guèma Ilot:Marché Guèma ,""
"","","",cosmétiques - Pagne - Commerce général.,Tél:97512808 Nom du gérant:BONI Adama,PP
232,MON DESTIN,PK 2013 A 139 DU 06/05/13,Pâtisserie et boulangerieTranport-Hôtellerie-BTP-Alimentation générale.,"Parakou,Qtier:Alaga Ilot:1095-CTél:9754407",PP
"","","",Service,"",21 / 29
233,MONRA YERIMA ET FILS,PK 2013 A 154 DU 17/05/13,"Ttansport routiers de marchandises,achat et vente de produits tropicaux,agricoels,vivriers et ","Gogounou,Qtier:Gounarou maison GOUNOU M. Lafia",PP
"","","","forestiers,Commerce général.",Tél:97893165,""
234,MOTEL VIVITIN,PK 2013-A-181DU 12/06/13,"ServiceRestauration,Hébergement,buvette.","Parakou,Qtier:Amawignon Ilot:1108-STél:97086378",PP
"","","",Commerce,"",""
235,MOUGNAL,PK 2013 A 166 DU 27/05/13,"Achat et vente d produits tropicaux,agricoles,commercialisation des vivriers et de ","Tchaourou,Qtier:Gbankoko maison SINABIOTél:95342401",PP
"","","",bétails.,"",""
"","","",Commerce,"",""
236,MOUNISAY,PK 2013 A 297 DU 23/10/13,"Quincaillerie générale,Prêt-à-porter,fournitures de bureau,achat et vente des produits tropcicaux,agricoles,forestiers  et vivriers,commerce ","Parakou,Qtier:Banikanni maison MAMA AdamTél:97636767/66503376 Nom du gérant:ISSIAKA Mounirou",PP
"","","",général.,"",""
"","","","",Pkou Qtier:Boundarou Ilot:Maison HOUESSIN ,""
237,MOUSSOURATH ET FILS,RB PKOU 2013-A-112,"Achat et vente de produits tropicaux, forestiers vivriers et agricoles - Commerce général.",Bernadin Tél:96892539 Nom de la gérante:BOUBACAR Moussourath,PP
"","","",Commerce,"Parakou,Qtier:Tranza maison LOKOSSOU ",""
238,MOUTIOU MULTI SERVICE (MMS),PK 2013 A 296 DU 21/10/13,"Vente de produits électroniques et multimédias,des habits ,diverses prestations de services.",GervaisTél:97081359/64119292 Nom du gérant:YESSOUFOU Moutiou,PP
"","","",Industrie,"",""
239,MOUYAM,PK 2013 A 158 DU 21/05/13,"BTP-Assainissement,entretien et nettoyage de bureau,depôt de vente de matériaux de construction,fournitures de bureau,location de ","Parakou,Qtier:Dokparou Ilot:2408-MTél:97988499",PP
"","","","véhicules,divers.","",""
240,N.M.O.,PK 2013-A-219 DU 02/08/13,BTP-Assainissement - Tarvaux génie rural - Topographie.,"Parakou, Qtier: Arafat 02BP:1346 Tél:95547282/97958065",PP
"","","",BTP-Assai nissement - Génie civil; Transport; Achat et ,"",""
"","","",vente de fournitures de bureau et d'entretien; de ,Parakou Qtier:Zongo-Zénon Ilot:28-Z ,""
241,NARO-BOURO ET FILS,RB PKOU 2013-A-020,"produits tropicaux,agricoles, forestier et alimentaires - ",Tél:97587854/90047841 BP:847 Nom du ,PP
"","","",Cosmétiques - Consommables et matériels de tout ,gérant:ALIDOU NARO Idrissou,""
"","","","genre, Commerce général.","",""
242,NASBAD - DJAD & FILS,RB PKOU 2013-A-077,Transport - Quincaillerie - BTP - Vente de produits GSM - Commerce général.,Pkou Qtier:Dépôt Ilot:268-I Tél:97079263 Nom du gérant: SALE A. Abdou Nassirou,PP
243,NEW CITY,PK 2013-A-218 DU 02/08/13,"Hôtellerie - Auberge - Quincaillerie - Achat et vente de produits forestiers, tropicaux et vivriers - Prestation de service de tout genre - Alimentation générale.","Parakou, Qtier:Banikani BP:369 Tél:95153868/97478515",PP
"","","",Service,"",""
"","","",Consultation en analyse de prodjets et ,"",""
244,"NEXT STEP CONSULTING,BUSINESS & INNOVATION GROUP",PK 2013 A 185 DU 18/06/13,"formation,intermédiation sociale,études,appui,conseils aux entreprises,achat et vente de mobiliers et matériels de bureau,matériels informatique et ","Parakou,Qtier:Zongo Maison SERO BATA I.AboubakariTél:97995052",PP
"","","","électronique,groupe électrogène,alimentation diverses, ","",""
"","","","produits tropicaux,commerce général.","",""
"","","",Commerce,"",22 / 29
245,NIK-FID SAINT,PK 2013 A 183 DU 17/06/13,"Vente des produits (d'intrant vétérinaires),Diverses prestations de services,quincaillerie,agence ","Parakou,Qtier:Ganou-NordTél:95269582",PP
"","","","immobilière,commerce général.","",""
"","","",Industrie,"",""
246,NIL BENIN,PK 2013 A 281 DU 04/10/13,"Bâtiments et travaux publics-Assainissement-conception et étude-fournitures et matériels de bureau,electrique mécanique,produits ","Parakou,Qtier:Gâh Ilot: 393-G Tél:95848411/96112620  Nom du gérant:AMADJI Prosper Isaac",PP
"","","","forestiers,prestations diverses,commerce général.","",""
"","","","Achat et vente de fournitures et matériels de bureau, ",Pkou Qtier:Guèma Ilot:Maison TONGUI Chabi ,""
247,NORD - SUD DISTRIBUTION,RB PKOU 2013-A-130,matériels roulants - BTP - Services traiteurs - ,Tél:95658738 Nom du gérant:CHABI SAKI ,PP
"","","",Commerce général.,ZIME S. Abdel - Kader,""
"","","",Commerce,"",""
"","","","Achat et vente de tissus  wax et autres,pièces ","",""
248,NOUFOU MADOUGOU,PK 2013 M 224 DU 09/08/13,"détachées autos -motos,de prdouits cosmétiques,tropicaux,vivriers et forestiers,prêt-à-porter,BTP,génie ","Parakou,Qtier:Ganon Ilot:2534-NTél:97577191  Nom du gérant:GARBA Noufou",PP
"","","","civil,quincaillerie,bureautique,Electicité,prestations de ","",""
"","","",services,"",""
249,NOURR,PK 2013-A-238 DU 27/08/13,"Quincaillerie, Vente de ciment, gaz domestique, lubrifiant, produits tropicaux, agricoles et forestiers - Bureautique.","Pkou, Qtier: Banikanni Ilot:1738-Q Tél:97190050 Nom du SOUKALE Liliwane",PP
"","","",BTP - Génie civil - Achat et vente de produits ,"",""
250,"NOUVELLE GENERATION""",RB PKOU 2013-A-111,"agricoles, forestiers, tropicaux et de fournitures scolaires - Bar-restaurant - Quincaillerie - Bureautique - ",Nikki Qtier:Gourou Ilot:Maison WOKPAROU Tél:64874140 Nom d gérant:SERO ADAM ,PP
"","","",Alimentation générale.,Séïdou,""
"","","",Commerce,"",""
251,O.D.A ET FILS,PK 2013 A 277 DU 03/10/13,"Achat et vente de fournitures de bureau,librairie et papeterie,matériels informatiques,bureautique,photocopie,prestation de ","Parakou,Qtier:Banikanni Ilot:1768Tél:97138527/95573612  Nom du gérant:OGOU Ernest",PP
"","","",service.,"",""
"","","","Achat et vente de matériels informatique, Bureautique, ","",""
252,ODOHI,RB PKOU 2013-A-001,"de matériels roulants, électroniques, Commerce ",Parakou Qtier:Camp-Adagbè Ilot:9-A ,""
"","","",général.,Tél:97210433 Nom du gérant: BOUKARI Hadi,PP
"","","","Achat et vente de produits forestiers, agricoles, ","Pkou Qtier:Toui Gare, Ilot Maison:DOSSOU ",""
253,OKPE OLOUWA ET FILS,RB PKOU 2013-A-0,"forestiers et vivriers, Soudure, Diverses prestations de ",Venance Tél:97518025 Nom du ,PP
"","","",services.,gérant:DOSSOU Venance,""
254,OLA IYA SAGBADIYAWO,PK 2013 A 227 DU 09/08/13,"Industriemenuiserie,fabrication des meubles et scierie,quincaillerie.","Nikki,Qtier:Danri Ilot:50-FTél:96382650/64773895  Nom du gérant:LASSISSI Karamou-Dine",PP
"","","",Maintenace de matériels informatiques et équipements ,Parakou Qtier:GuèmaI Ilot:1039-W ,""
255,OLA PRESTATIONS,RB PKOU 2013-A-027,de bureau - Bureautique - BTP - Réparation des ,Tél:94484345 Nom et prénom du gérant: ,PP
"","","",climatiseurs et frigo.,TCHABI Egba Adéossi Isaï,""
256,OLA WOUMI-YESSOUF,PK 2013-A-288 DU 14/10/13,Transport; Achat et vente de marchandises.,"Tchaourou, Qtier:Kèra Ilot:maison YESSOUFOU Fidèle Tél:95348506/ 97439044 Nom du gérant: YESSOUFOU Fidèle",PP
257,OLUWA NI SOLA (OLONISO),RB PKOU 2013-A-053,"Achat et vente de produits alimentaires et des boissons de produits tropicaux, agricoles, forestiers et vivriers, Dépôt de ciments, Commerce général.","Parakou Qtier:Agbagba Ilot:42-K Tél:97165027/23610184 Nom de la gérante:YESSOUFOU RADJI Wossilatou Anicket"
258,OLUWATOBI & FILS,RB PKOU 2013-A-099,"Alimentation générale, Achat et vente de produits PEB,d'entretien, vivriers, agricoles, tropicaux et forestiers, Cosommables et fournitures de bureau, Vente de ciment, Quincaillerie générale.","Bembèrèkè Qtier:Kpébéra Ilot:Maison MANGA Salamatou Tél:97472060 Nom de la gérante:GNANHINNON Bernadette"
259,"ONEDIS(OKE NEGOCE DISTRIBUTION)",PK 2013 -A-069,"Achat et vente de matériels informatique bureautique,consommable informatique et mobilier,impression sur tous supports,BTP-Assainissement,commerce général.","Parakou,Qtier:Kpérou-Guèra  Ilot: C-195-D  Tél:66468282/23614084  Nom du gérant:OKE Sèmèvo Hubert"
260,ORE LOPE,"PK2013 -A-178 DU 11/06/13","CommerceAchat et vente de pièces de rechange gros porteurs,moulin,moteur de groupe électrogène,moto à deux roues.","Parakou,Qtier:Tranza maison RADJI IsmaelTél:96500216/93713485"
261,"PADONOU C.DIDIER GARAGE STYLE AUTO","PK 2013-A-180 DU 11/06/13","IndustrieLa mécanique générale,vente des pièces détachées de tous genres,des produits cosmétiques et de diverses marchandises.","Parakou,Qtier:Wansirou Ilot:1109-BTél:96090466"
262,PANINI,"PK2013 -A-179 DU 11/06/13","CommerceAchat et vente de produits alimentaires et des boissons,produits tropicaux,agricoles,vivriers et forestiers,hôtellerie,restaurationn,quincaillerie,achat et vente des portables et accessoires,d'appareils électroniques et électroménagers,prestation de service.","Parakou,Qtier:Tourou Ilot:70-GTél:97109902/94774826"
263,PAS APAS,"PK 2013 A 184 DU 17/06/13","CommerceAchat et vente de produits tropicaux,agriocoles et forestiers,transport,quincaillerie,poissonnerie,buvette,restauration,hébergement,vente de ciment,voiture,moto et diverses marchandises,commerce général.","Parakou,Qtier:Banikanni maison TAMOU SafiouTél:95670695/97490019"
264,PASSION DE FEMME,"PK 2013 A 202 DU 17/07/13","ServiceRestauration,Hébergement,Service traiteur,location de meubles,achat et vente de produits tropicaux,agricoles et forestiers,bureautique,papeterie,informatique.","Parakou,Qtier:WansirouTél:97113728"
265,PEACE OF LORD,RB PKOU 2013-A-046,"Achat et vente de produits tropicaux, agricoles, vivriers et forestiers, Centre d'informatique.","Parakou Qtier:Swinrou Ilot:2480-B Tél:94199938 Nom du gérant: VIGNIKIN Kuassi Dieudonné"
266,"PETER INTERNATIONAL  ASSOCIATE","PK 2013 A 171 DU 04/06/13","Achat et vente d'ustensiles de cuisine et d'appareils électroménagers,Commerce général.","Parakou,Qtier:Gah Ilot:1112-DTél:97202728"
268,PLATRIVOIRE,PK 2013 -A-063,"Diverses prestations de services,tous travaux de bâtiments,achat et vente de matériaux de construction ,commerce géénral.","Parakou,Qtier:Tranza maison ABIKOU  Joseph Téil:97113115 Nom du gérant:KONIEN Paulin Arthur"
269,QUI SAIT L'AVENIR,RB PKOU 2013-A-104,"Achat et vente de produits alimentaires et boissons - Poissonnerie - Vente de produits vivriers et agricoles - Alimentation générale.","Pkou Qtier:Titirou Ilot:1374-A Tél:65300603 Nom du gérant: BALLO Saturnin"
270,R&B,"PK 2013 A 190 DU 25/06/13","Commercele Commerce général,BTP-Assainissement,achat et vente de produits tropicaux,agricoles et forestiers.","Parakou,Qtier:Titirou Maiosn ABOUDOULAYEGbérou SalamatouTél:97435000"
271,R.N.A.S,"PK 2013-A-302 DU 04/11/13","Quincaillerie - Achat et vente de produits tropicaux, agricoles et forestiers, de matériels, fournitures et équipements de bureau - Matériel et consommable informatique - Matériel électrique - Plombérie - Restauration - Prestation de service - BTP - Commerce général.","Pkou, Qtier:Kpébié, Tél:97891195 Nom du gérant:SIDI-ALI Mouhamadou Sanni"
272,RASTI DE KOTCH,RB PKOU 2013-A-082,"Mécanographie - Librairie - Papeterie - Bureautique - Alimentation générale - TRANSPORT - Débit de boissons - Poisonnerie - Achat et vente de produits tropicaux -Monture - Commerce général.","Pkou Qtier:Oké-Dama, BP:225 Tél:95852864/97138059 Nom du gérant: KOTCHONI Adéyèmi Ignace"
273,REFLEXE BUSINESS CENTER,RB PKOU 2013-A-126,"Ingénierie informatique et Réseau - Pressing - Location- Papeterie Commerce général.","Pkou Qtier:2648-S Ilot:Titirou Tél:97051395 Nom du gérant: AYEDESSO Monbinon Roger"
274,REHOBOTH AFRIC,PK 2013 -A-067,"Génie civil, réalisation des travaux de génie rural,Commerce général.","Parakou,Qtier:Albarika Ilot:905-H Tél:97886018  Nom du gérant:CHAFFA Boni Jonas"
275,"RIEN SANS PEINE""",RB PKOU 2013-A-024,"Restauration - Service traiteur, Alimentation générale.","Sinendé Qtier:Gourou Ilot:Maison ALASSANE Nimatou Tél:95319759 Nom de la gérante: ALASSANE Nimatou"
276,RIYAD,RB PKOU 2013-A-052,"Achat et vente de portables et accessoires de télécommunication - deq appareils électroniques,Quincaillerie - Bureautique,BTP,Achat et vente de produits GSM, agricoles, tropicaux, vivriers et forestiers.","Parakou Qtier:Dépôt Ilot:268-G Tél:95407760/97766317 Nom du gérant: BAKO ARZOUMA Saadou"
277,ROCHER DE DIEU,"PK 2013-A-261DU 17/09/13","Achat et vente de produits alimentaires et boissons - Buvette - Bar-restaurant - Alimentation générale.","Pkou, Qtier:Banikanni Ilot:113-A Tél:97986274/64516354 Nom de la gérante: AHLOME Virginie"
278,"RUTH ABOSSEDE OYEWO ET FILS","P2-PK/13-16 DU 06/12/13","CommerceAchat et vente de diverses marchandises,des produits de la SOBEBRA,création de motel.","Parakou,Qtier:Banikanni Ilot:2715-CTél:95101058  Nom de la gérante:OYEWO Ruth Abossédé"
279,S.A.E ET FILS,PK 2013-A-167,"Achat et vente de produits alimentaires des boissons,  de produits tropicaus, agricoles, forestiers et vivriers - Commerce général.",Pkou Qtier:Titirou 2 Ilot:4844-B Tél:95904876
"","","","Achat et vente de produiots tropicaux, agricoles, ","",25 / 29
281,SABANA,PK2013-A-241 DU 30/08/13,"forestiers, vivriers et alimentaires, vente de pagnes, de bétails, d'ustensiles de cuisine, de ciment, de motos et ","Parakou, Qtier:Banikanni Ilot:4764-H Tél:97113657 Nom de la gérante: SERO ALI ",PP
"","","",voitures; Quincaillerie.,Bana Boué Epiphanie,""
"","","","Transport - Achat et vente de produits tropicaux, ",Parakou Qtier:Kpérou-Guera Ilot:116 -C ,""
282,SABI SIO ET FILS,RB PKOU 2013-A-040,"agricoles et forestiers, d'appareils élecro ménagers, ",BP:1153 Tél:97113335 Nom du gérant:SABI ,PP
"","","","Quincaillerie, BTP.",SIO Sabi Bah,""
"","","",Achat et vente d'ustensiles de cuisine et d'appareils ,"",""
283,SADJE,RB PKOU 2013-A-028,"électroménagers - de produits d'entretien, d'objets de décorations, de pagnes, basins - Bureautique - ",Parkou Qtier:Ladjifarani Ilot:692-B Tél:96508508 Nom de la gérant: ADJE ,PP
"","","",Commerce général.,Soumonni Justine ,""
"","","","Achat et vente de motocyclettes et assessoires, de ",Parakou Qtier:Banikanni Madjaton Ilot:122-P.e ,""
284,SALIFOU ET FILS ,RB PKOU 2013-A-042,"pièces détachées, des produits tropicaux, agricoles et ",Tél:97872910 Nom du gérant:SALIFOU ,PP
"","","","forestiers, Divers.",Alassane,""
285,SAMON,PK 2013-A-247 DU 03/09/13,"Achat et venet de produits tropicaux, agricoles, vivriers et forestiers - Restauration - Agriculture et élevage - Commerce général.","Kalalé, Qtier Péonga Ilot:Maison SAMON Marie Tél:96645888 Nom de la  Gérante SAMON Marie",PP
"","","",Commerce ,"",""
"","","",Achat et vente de produits tropicaux et ,"",""
286,SAOUNA ET FRERES,PK 2013 A 153 DU 17/05/13,"agricoles,construction bâtiments et travaux publics,fournitures de matériels ","Parakou,Qtier:Amawignon Ilto:482-L Tél:95490409/97462001",PP
"","","","bureautique,produitction de semences ","",""
"","","","améliores,gestion de zones de chasse.","",""
"","","",Industrie,"",""
"","","","BTP-Assainissement,génie ","",""
287,SARE & FILS,PK 2013 A 211 DU 26/07/13,"rural,Topographie,bureautique,quincaillerie,électicité bâtiment-électrotechnique,vente des prdouits agro-","Parakou,Qtier:Guèma Ilot:1045-HTél:97115369",PP
"","","","alimentaires et halieutiques,centre de ","",""
"","","","formation,commerce général.","",""
"","","","Achat et vente de produits tropicaux, agricoles et ","",""
288,SARIGUI,PK 2013-A-306 DU 08/11/13,vivriers - Vente de pièces détachées véhicule - Consommable informatique - Matériel de bureau - Hôtellerie - Restauration - Transports - Commerce ,"Pkou, Qtier:Tranza Ilot:X-8 Tél:96385686/95702780 Nom du gérant: GOUNOU N'GOBI Bio Kpéra",PP
"","","",général.,"",""
"","","",Commerce ,"",""
"","","",Achat et vente de produits ,"",""
289,SARRA ET FILS,PK 2013 A 161 DU 23/05/13,"tropicaux,agricoles,vivriers,vente d'herbicide,produits de conservation des céréales,fournitures de ","N'Dali,Qtier:Suanin maison HOUIGNANSO Sarra",PP
"","","","bureau,prestation de service,BTP & génie ",BP:22  Tél:97492065,""
"","","","civil,Hébergement,restauration,commerce général.","",""
"","","","Achat et vente de produits tropicaux,agricoles et ",Pkou Qtier:ZongoII Ilot:586-Q ,""
290,SAY SUMMIT,RB PKOU 2013-A-016,"forestiers, Fournitures, BTP - NTIC - Alimenetation ",Tél:96093999/94168828 Nom du gérant: ,PP
"","","",générale.,SALIFOU ADDOU Youssouf,""
"","","",Commerce,"N'Dali,Qtier:Wobakarou maison SUANON ",28 / 29
313,SUANON,PK 2013 A 291 DU 17/10/13,"Achat et vente des produits tropicaux,agricoles,vivriers et forestiers,quincaillerie,vente de motos et de pièces détachées,de ciment et de bétails ,alimentaire ",BonaTél:66881813 Nom du gérant:SUANON ,PP
"","","",générale.,CHABI Abdou-Rahib,""
"","","",Commerce ,"",""
314,SURU KAANI,PKOU 2013-A-138 06/05/13,Diverses prestations de services - Fournitures de vivres et autres dans les services publics et privés.,Pkou Qtier:Ganou Ilot:1204-H  Tél:96066923 ,PP
"","","","Achat et vente de pièces détachées, de pneus et ","",""
315,T. I. F,PK 2013-A-257 DU 12/09/13,"accessoires automobiles, huiles à moteur, de produits alimentaires, tropicaux, agricoles, gforestiers et vivriers ","Pkou, Qtier:Oké-Dama, Ilot:1400-L Tél:66298733 Nom du gérant: DRAMANE ",PP
"","","",- Transport - Quincaillerie - Divers.,ABDOULAYE Iliassou,""
"","","",Commerce,"",""
316,TAK-BASS & FILS,PK 2013 A 300 DU 29/10/13,"Achat et vente de produits tropicaux,agricoles,forestiers et cosmétiques,Génie ","Parakou,Qtier:Swinrou Ilot:SW22-ATél:97986895 Nom de la gérante:ASSOUM ",PP
"","","","civil-BTP et pavage,Bureautique,Commerce général.",TAKPARA Bona Bénédicte,""
"","","",Commerce,"",""
317,TAKOURASSI ET FILS,PK 2013 A 156 DU 21/05/13,"Achat et vente de produits tropicaux,agricoles,forestiers et diverses ","Parakou,Qtier:Banikanni Ilot:III=48-15Tél:97113943",PP
"","","","marchandises,Transport.","",""
"","","",Entretien des bureaux et maisons; Achat et vente de ,"",""
"","","","fournitures et équipement de bureau, de produits ",Parakou Qtier:Albarika Ilot:2324-F ,""
318,TEGPHAD,RB PKOU 2013-A-018,vivriers et agricoles; Services traiteur; Location de ,Tél:97689886 07BP:1200 Nom de la,PP
"","","",bâches et chaises; Diverses prestatrions de services; ,gérante:ZAKARI Djouératou,""
"","","",Commerce général.,"",""
319,TOKAMO,RB PKOU 2013-A-118,"Achat et vente de fournitures de bureau, et de cahiers - Divers.",Pkou Qtier:Albarika Ilot:974-R Tél:95522276 Nom du gérant:KASSA TOSSOU MONTCHO Honoré,PP
320,TOPO-OMEGA,PK 2013-A-170 DU 30/05/13,"Topographie - Génie civil - Vente d'appareils électromenagers, topographiques et des fournitures de bureau. ",Nikki Qtier:Gâh Maro Ilot:Maison SACCA Salamatou Tél:94177142,PP
"","","",Industrie,"",""
321,TOUS TRAVAUX DU CIMENT ET BETON (TCB),PK 2013 A 165 DU 27/05/13,"Construction de bâtiments,formation bâtiment,maçonnerie,Quincaillerie ,prestation de ","Parakou,Qtier:Ganou Ilot:1721Tél:97243674",PP
"","","",service.,"",""
"","","",Achat et vente de produits tropicaux et autres produits ,"",""
322,VAGBE ET FILS,PK 2013 A 140 DU 07/05/13,"agricolesforestiers et vivriers,Quincaillerie,alimentation ","Parakou,Qtier:Thian Gourou  Ilot:6084-L Tél:97456342/94201238",PP
"","","",générale.,"",""
"","","",Commerce,"",""
323,VIDEKON FIACRE,PK 2013 A 226 DU 09/08/13,"Achat et vente des produits tropicaux,agricoles et forestiers,bureautique,mercerie,restauration,hôtellerie,quincaillerie,cabine téléphonique,alimentation ","Parakou,Qtier:Zongo II Ilot:10-CTél:23611103 Nom de la gérante:GOUASSANGNI Akouavi Sylvane",PP
"","","",générale.,"",""
324,WABILAHI TAOUFIKI,RB PKOU 2013-A-095,"Achat et vente de produits tropicaux, agricoles, vivriers, céréales et forestiers - Commerce général.",Pkou Qtier:ZongoII Ilot:1119-D Tél:97491425 Nom du gérant: HONMOROU Mouhamadou,29 / 29PP
"","","","Achat et vente de matériels informatiques, ",Parakou Qtier:Madina Ilot:1274-H ,""
325,WALFADJIRI,RB PKOU 2013-A-034,"bureautiques, de produits d'entretien - de pièces ",Tél97191476/94198967 Nom de la gérante: ,PP
"","","",détachées auto-moto - Alimenetation générale.,BABONI Soibiratou ,""
"","","","Achat et vente de produits tropicaux, agricoles et ",Parakou Qtier:Banikanni Ilot:80-90 ,""
326,WANROU ANFANNI,RB PKOU 2013-A-037,forestiers - Agence immobilière - Quincaillerie - ,Tél:97867501/95486223 Nom du gérant: ,PP
"","","",Elevage - Commerce général.,DAGBAMA Alidou ,""
"","","",BTP-Assainissement - Achat et vente de motos et ,Kalalé  Qtier:Kalalé Ilot: Maison OROU WARA ,""
327,WARA & FILS,RB PKOU 2013-A-047,"accessoires automobiles, de produits tropicaux, ",Alidou Tél:95180842/ 97564615 Nom du ,PP
"","","","agricoles, forestiers et vivriers, Commerce général.",gérant:OROU WARA  AMADOU Alidou,""
"","","","Achat et vente de produits tropicaux, agricoles, ",Tchaourou Qtier:Papané Ilot:Maison BONI ,""
328,WETIBO ET FILS,RB PKOU 2013-A-107,forestiers et vivriers - Transformation du bois - ,Worou Tél:95355083 Nom du gérant:BONI ,PP
"","","",Commerce général.,Worou Etienne ,""
329,WORLD COMMUNICATION,RB PKOU 2013-A-102,"Communication, Prestation de services, BTP, Location de véhicule.",Pkou Qteir:Tranza Ilot:659-4 Tél:97769689 Nom du gérant: GUERGUISSE Mouhamed Mahmood,PP
330,YAAH - ALLAHOU,PK 2013-A-239 DU 28/08/13,"Achat et vente de produits tropicaux, agricoles, forestiers et vivriers - Vente de motos, voitures, pagnes et produits alimentaires - Commerce de bétails.","Nikki, Qtier:Gah-Maro Ilot:66-J Tél:66203222/64628021 Nom du gérant: ALI WAGANA Dramane",PP
"","","","","Pkou, Qtier:Bakincoura, Ilot:Maison AMADIRA ",""
331,YAOU ET FILS,PK 2013-A-305 DU 07/11/13,Transport routiers de marchandises - Vente de lubrifiants et accessoires - Commerce général.,Tél:97480430 Nom du gérant: AMADOU PAMAN Abdou-Raouf,PP
"","","","Achat et vente de produits forestiers, tropicaux, ","",""
332,YEHOUNOU ET FILS DIEU FERA,RB PKOU 2013-A-105,"agricoles, vivriers et SOBEBRA, Restauration, Aménagement d'espace, BTP, Quincaillerie, ",Tchaourou Qtier:SINAHOU Ilot:Maison YEHOUENOU Hossou Tél: 96703858 Nom du ,PP
"","","","Bureautique, Haute menuiserie, Alimentation générale.",gérant:YEHOUENOU Hossou,""
333,ZALA ET FILS MULTI SERVICE,PK 2013 A 207 DU 23/07/13,"Imprimerie,BTP,Quincaillerie,Commerce général.","Parakou,Qtier:Tranza maison SAMBO MohamedTél:96311423/90012112",PP
"","","",Quincaillerie générale -  Dépôt de ciment - BTP - Achat ,N'Dali Qtier:Suanin Ilot:Maison ZIME SOULE ,""
334,ZIME ASSANE ET FILS,RB PKOU 2013-A-083,"et vente de produits tropicaux, agricoles, céréales, ",Alassane Tél:64190054 Nom du gérant: ZIME ,PP
"","","",forestiers et vivriers - Commerce général.,SOULE Alassane,""
"","","",Achat et vente de produits forestiers - Hôtellerie - ,Pkou Qtier:Amawignon Ilot:474 -A ,""
335,ZOKAHAF,RB PKOU 2013-M-02,Prestations de multi-service- BTP - Génie civil - ,Tél:95410450 Nom de la gérante: BELO ,PP
"","","",Commerce général.,RAOUFOU Salimatou,""
336,ZONE 4,PK 2013 A 152 DU 17/05/13,"Hôtellerie-RestaurationService traiteur,vente de produits alimentaires,BTP,Commerce général.","Parakou,Qtier:Ladjifarani(Zone Résidentielle) Ilot:J=753-3Tél:97473725",PP
