N°,Denomination,N° RCCM,Activités,Adresses,Type
1,AGENCE  BOYENOS,"RB LKS/13-A-140","BTP-ETUDES TECHNIQUE-FORMATION ET ENSEIGNEMENT-NTIC-HOTELLERIE-SERVICE TRAITEUR-MAINTENANCE..","BONOU DOSSOU MAURICE/TEL 95-45-86-40/LOKOSSA/ZOHOUNGO",PP
2,"AGRO BUSINESS & PRESTATIONS","RB LKS/13-A-222","VENTE D'INTRANTS ET EQUIPEMENTS AGRICOLES-AMENAGEMENT ET INSTALLATION DES ESPACES VERTS-DESINSECTISATION-DERATISATION-DESINFECTION-ENTRETIEN..","AMOUSSOU OLIVIER/TEL 95-93-94-00/KPINNOU/KONDJI-OUGBA",PP
3,E/SE  A C M L  GROUP,"RB LKS/13-A-076","EQUIPEMENTS INFORMATIQUES-BTP-GENIE CIVIL-ELECTRICITE-COMMERCE GENERAL","AYISSI CHRISTOPHE/TEL 95-43-19-61/LOKOSSA/GLO-DOKPA",PP
4,E/SE  ALZIN - SINAÏ  SERVICES,"RB LKS/13-A-125","BTP-FOURNITURES DE BUREAU-PRODUITS SOBEBRA-LOCATION DIVERSES-PRESTATION DE SERVICES-COMMERCE GENERAL ET DIVERS","ZOKLI MESMIN FLORIAN/TEL 97-77-74-37/BP 191/LOKOSSA/TCHIKOMEY 2",PP
5,E/SE  E. A. S PS23,"RB LKS/13-A-067","HOTELLERIE-BTP-COMMERCE GENERAL-SERVICE TRAITEUR-PIECES DETACHEES-FOURNITURES ET MATERIELS DE BUREAU-DIVERS","AWEKE MEDETONWAN ACHILLE/TEL 97-48-38-47/01BP2307/LOKOSSA/ADJAKOMEY",PP
6,E/SE  ELOHIM  BTP,"RB LKS/13-A-115","BTP-FOURNITURES SCOLAIRES ET DE BUREAU-PRESTATION DE SERVICES-EQUIPEMENTS MEDICAUX-AMENAGEMENT HIMO-DIVERS","DJEHOUNKE FERDINAND/TEL 94-53-48-52/LOKOSSA/TCHIKOMEY",PP
7,E/SE  L R F - AS,"RB LKS/13-A-252","ETUDES ET FORMATION-PRESTATION DE SERVICES-FOURNITURES DE BUREAU-BTP-SERVICE TRAITEUR-COMMERCE GENERAL ET DIVERS","DOVI ROSALIE AFIAVI/TEL 97-75-73-03/LOKOSSA/TCHIKOMEY",PP
8,E/SE  MEDEWANOU GROUP,"RB LKS/13-A-084","PRESTATION DE SERVICES-MATERIELS INFORMATIQUES-RESTAURATION-ASSAINISSEMENT-PNEUMATIQUE-BTP-COMMERCE GENERAL ET DIVERS","DEGBEVI VICTOIRE GRACE/TEL 97-4324-91/BP 81/LOKOSSA/AGONVE",PP
9,E/SE  PEPIOL,"RB LKS/13-A-129","TRANSPORT-TOURISME-RELEVAGE-BUREAUTIQUE-COMMERCE GENERAL ET DIVERS","KOVO MEVO EXPERANCE/TEL 67-74-13-35/BP 228/LOKOSSA/DEKANME",PP
10,E/SE CODECOS,"RB LKS/13-A-155","BTP-GESTIONS MOBILIERES ET IMMOBILIERES-ETUDES TECHNIQUES-CONTROLE ET DECORATION-MATERIAUX DE CONSTRUCTION..","PADONOU COFFI URBAIN/TEL 97-26-33-89/ATHIEME/GBEDJI",PP
11,ENTREPRISE  O.G.N.C.,"RB LKS/13-A-038","GENIE CIVIL-BTP-FOURNITURES ET EQUIPEMENTS DE BUREAU-ADDUCTION D'EAU-AMENAGEMENT-HYDRO-AGRICOLE-ASSAINISSEMENT ET ENTRETIEN-COMMERCE GENERAL ET DIVERS","OLOU CHARLES/TEL 97-17-16-41/BP 32/LANTA/GBOWIME",PP
12,"ENTREPRISE "" CAB - BENIN ""","RB LKS/13-A-120","HYDRAULIQUE VILLAGEOISE ET URBAINE-ASSAINISSEMENT-GENIE CIVIL-ELECTRICITE-ENTRETIEN-COMMERCE GENERAL ET DIVERS","ASSOU YAO EUGENIE/TEL 96-07-70-40/BP 68/AZOVE/EKINHOUE",PP
13,ENTREPRISE LES  2 S,"RB LKS/13-A-060","BTP-NEGOCE-HOTELLERIE-COMMUNICATION-ETUDES ET FORMATION-PRESTATION DE SERVICES-COMMERCE GENERAL ET DIVERS","DANMITONDE GOUSSI ELISABETH/TEL 93-40-65-65/LOKOSSA/FONGBA",PP
15,ETS  3G ' DYL,"RB LKS/13-A-170","HOTELLERIE-RESTAURATION-PRESTATION DE SERVICES-SERVICE TRAITEUR-PRODUITS FORESTIERS-USTENSILES DE CUISINE...DIVERS","GBAGUIDI G. GHISLAINE/TEL 66-89-64- 2 /05/LOKOSSA/AGONVE",1P6P
16,ETS  A J M & FILS,"RB LKS/13-A-005","PRODUITS GSM-SOBEBRA-QUINCAILLERIE-EXPLOITATION FORESTIERE-COMMERCE GENERAL ET DIVERS","VITO COCOU ANDRE/TEL 98-24-39-90/LOKOSSA/AGNIVEDJI",PP
17,ETS  ABDIEL & TED,"RB LKS/13-A-119","BTP-TRAVAUX D'IMPRIMERIE-FOURNITURES DE BUREAU-BAR-RESTAURANT-SERVICE TRAITEUR-PRESTATION DE SERVICES-COMMERCE GENERAL ET DIVERS","HOUNWEDO SESSI CHANTAL/TEL 96-15-99-32/LOKOSSA/AHOUAME",PP
18,ETS  AFRICANDO,"RB LKS/13-A-231","BAR-RESTAURANT-PRESTATION DE SERVICES-ALIMENTATION-DEBIT DE BOISSONS-COMMERCE GENERAL ET DIVERS","GOUFLE AFIAVI CHANTALE/TEL 97-08-01-83/LOKOSSA/AGONVE",PP
19,ETS  AGBANNAWA,"RB LKS/13-A-216","BTP-TRANSPORT-GESTION ET ASSAINISSEMENT D'EAU-CONSOMMABLES INFORMATIQUES-PRESTATION DE SERVICES-CONSOMMABLE MEDICAL ET DIVERS",MADJI BENJAMIN/TEL 95-06-22-78/DEVE/KPODJI,PP
20,ETS  AGNON PLUS,"RB LKS/13-A-223","PRODUITS VIVRIERS-FORESTIERS-PRET-A-PORTER-POISSONNERIE-COMMERCE GENERAL-DIVERS","NOUATIN PARFAITE/TEL 96-49-31-19/BP 085/AZOVE/HOUETOGNONHOUE",PP
21,ETS  AHWAFIOR,"RB LKS/13-A-121","QUINCAILLERIE-MERCERIE-ALIMENTATION GENERALE-POISSONNERIE-PIECES DETACHEES-MATERIAUX DE CONSTRUCTION...DIVERS","KAKPO SEGBEDJI/LOKOSSA/TCHIKOMEY/TEL  95-90-45-46",PP
22,ETS  AJECAB & FILS,"RB LKS/13-A-126","PRET-A-PORTER-FOURNITURES DE BUREAU-PRESTATION DE SERVICES-COMMERCE GENERAL ET DIVERS","AVADEME JESUTONDJI CALEB/TEL 97-66-86-47/LOKOSSA/AGONVE",PP
23,ETS  AKPE & FILS,"RB LKS/13-A-234","COMMERCE GENERAL-MATERIAUX DE CONSTRUCTION-MERCERIE-PRODUITS SOBEBRA-FORESTIERS-BTP-DIVERS","AKPE ZOCLI JEAN/TEL 97-62-78-88/LOBOGO/AGBOZEHOUE",PP
24,ETS  ALEDJO,"RB LKS/13-A-107","POMPES FUNEBRES-COMMERCE GENERAL-BTP-AGENCE DE VOYAGE-FOURNITURES DE BUREAU-MATERIELS INFORMATIQUES-DIVERS","DJOKO ALEXANDRE/TEL 97-69-42-68/04BP163/LOKOSSA/GUINKOMEY",PP
25,ETS  ALLELUIA-PLUS,"RB LKS/13-A-054","RESTAURATION-HOTELLERIE-BTP-AGROPASTORALE-MENUISERIE-ELECTRICITE-PLOMBERIE-COMMERCE GENERAL","SOGLA PETRO SIMON/TEL 97-22-69-37/ADJAHONME/LEYADJI",PP
26,ETS  AROUA,"RB LKS/13-A-080","BTP-HYDRAULIQUE-AMENAGEMENT-FOURNITURES DE BUREAU-PRESTATION DE SERVICES-COMMERCE GENERAL ET DIVERS","ELEGBEDE ALOÏSE HUGUES/TEL 96-39-50-10/LOKOSSA/AGNIVEDJI",PP
27,ETS  AU NOM DE DIEU,"RB LKS/13-A-135","MAINTENANCE ET RESEAU INFORMATIQUE-FORMATION-MATERIELS INFORMATIQUES-PHOTOGRAPHIE ET VENTE D'APPAREILS..DIVERS","TCHOHOUN URBAIN/TEL 95-52-62-55/KLOUEKANME/EHOUZOU",PP
28,ETS  AVAME,"RB LKS/13-M-227","VENTE DE PRODUITS DE LA BRASSERIE-AGRICOLES-FORESTIERS-PETROLE LAMPANT-ENGRAIS-PRODUITS GSMEXPLOITATION D'UN HOTEL ET D'UNE SCIERIE....COMMERCE GENERAL","DANDJEKPO BENJAMIN/TEL 97-49-70-11/AZOVE/GBOFOLY",PP
30,"ETS  BMS (BENIN-MARITIME-SERVICES)","RB LKS/13-M-213","REPRESENTATION COMMERCIALE-PRESTATION DE SERVICES-EXPERTISE MARITIME-ASSISTANCE AUX NAVIRES (POINTAGE MARCHANDISES)","TOUTOU JOACHIM/TEL 95-40-86-97/SE/DJIGO 3 /",1P6P
31,ETS  BON PRIX SL,"RB LKS/13-A-194","PRODUITS CONGELES-APPAREILS ELECTROMENAGERS-QUINCAILLERIE-ELEVAGE-PRODUITS SOBEBRA-COMMERCE GENERAL ET DIVERS","SOSSA LUCIEN/TEL 94-16-48-07/AZOVE/LAGBOHOUE",PP
32,ETS  BRICOME,"RB LKS/13-A-233","FOURNITURES DE BUREAU ET SCOLAIRES-ALIMENTATION GENERALE-PRODUITS VIVRIERS-AGRICOLES-PRESTATION DE SERVICES-COMMERCE GENERAL ET DIVERS","LAWSON ANTOINETTE B. K. AMELEY/TEL 97-84-75-76/LOKOSSA/KINDJI",PP
33,ETS  BUREAU  VALLEE,"RB LKS/13-A-199","CYBER CAFE-PRODUITS GSM-ALIMENTATION GENERALE-BAR-RESTAURANT-QUINCAILLERIE-BTP...","NOUGBODE FULBERT COMLAN/TEL 95-25-45-34/BP 94/LOKOSSA/TCHIKOMEY",PP
34,ETS  C L G  GROUP,"RB LKS/13-A-143","ESTHETIQUE-EQUIPEMENTS-INFORMATIQUE-BTP-PRESTATION DE SERVICES-COMMERCE GENERAL ET DIVERS","GLELE HOUENOUKPO GRACE LYDIE/TEL 97-64-95-72/LOKOSSA/GLO-DOKPA",PP
35,ETS  CHAMEGIDE,"RB LKS/13-A-253","ALIMENTATION GENERALE-PRODUITS VIVRIERS-COSMETIQUES-FOURNITURES DE BUREAU-PRET-A-PORTER-.....DIVERS","SAKA AMADOU LOUBATOU CESSI/TEL 97-89-46-44/LOKOSSA/AGNIVEDJI",PP
36,ETS  CHEZ BONANON,"RB LKS/13-A-056","ALIMENTATION GENERALE-QUINCAILLERIE-COMMERCE GENERAL ET DIVERS","TOWADE ANONDE/TEL 95-15-51-00/AZOVE/AVETUIMEY",PP
37,ETS  CORENEP,"RB LKS/13-A-174","COMMERCE GENERAL-PRESTATIONS DE SERVICES-BTP-MATERIELS DE BUREAU-LOCATION DE VEHICULE..DIVERS","ETOH KEGNONHOU HONORE/TEL 95-28-64-27/07BP290/LOKOSSA/GLO-GUINKOMEY",PP
38,ETS  CYCLE DU SOLEIL,"RB LKS/13-A-201","CYBER CAFE-PRODUITS GSM-ALIMENTATION GENERALE-BAR-RESTAURANT-QUINCAILLERIE-BTP-COMMERCE GENERAL ET DIVERS","GUEZO RAYMONDE/TEL 95-25-40-89/LOKOSSA/ADJAKOMEY",PP
39,ETS  DAGBEKEDE,"RB LKS/13-A-186","FOURNITURES DE BUREAU-ELECTRICITE ET FROID-LOCATION-PRESTATION DE SERVICES-CONSOMMABLES INFORMATIQUES..","AGOSSEVI BOKI ANTOINE/TEL 96-15-39-55/LOKOSSA/AGONVE",PP
40,ETS  DEBO - ESPOIR,"RB LKS/13-A-192","COMMERCE GENERAL-VENTE DE FOURNITURES SCOLAIRES-EFFETS VESTIMENTAIRES-BUREAUTIQUE-PRODUITS FORESTIERS...","KOUAFFIN KOMLAN MAWOUSSE/TEL 95-86-30-09/ATHIEME/AKONANA",PP
41,ETS  DEHAS,"RB LKS/13-A-071","BAR-RESTAURANT-SERVICE TRAITEUR-QUINCAILLERIE-COMMERCE GENERAL-ELEVAGE-PRODUITS AGRICOLES..","SOSSA YAOVI ALFRED/TEL 97-90-92-80/KOUDO/TINOU",PP
42,ETS  DELALI,"RB LKS/13-A-185","VENTE DE PRODUITS CONGELES-ALIMENTATION GENERALE-PRODUITS  COSMETIQUES-VENTE DE PAGNES-DIVERS","DADI GILBERTE/TEL 95-34-96-67/LOKOSSA/AGNIVEDJI",PP
43,ETS  E M P,"RB LKS/13-A-187","PRODUITS VIVRIERS-RESTAURATION-PRESTATION DE SERVICES- LOCATION-IMPRIMERIE-FOURNITURES DE BUREAU..","LAWANI ABIBATOU/TEL 97-24-61-79/KLOUEKANME/TROTROYOYOU",PP
44,ETS  E. M. S  AMEN,"RB LKS/13-A-202","COMMERCE GENERAL-ALIMENTATION GENERALE-PRODUITS FORESTIERS-FOURNITURES SCOLAIRES ET DE BUREAU-DIVERS","DAHOUE CODJOVI SYLVAIN/TEL 97-77-83-02/BP 56/AZOVE/KPACOMEY",PP
46,ETS  ENERGIE  PLUS,"RB LKS/13-A-089","COMMERCE GENERAL-PRESTATION DE SERVICES-LOCATION-RESTAURATION-QUINCAILLERIE-POISSONNERIE-PRODUITS AGRICOLES ET DIVERS","KOLE ETIENNE/TEL 95-15-51- 4 /34/AZOVE/AVEGODOUI",1P6P
47,ETS  ESPACE VERT,"RB LKS/13-A-190","PRODUCTION ET VENTE DES PLANTS FORESTIERS-PRESTATION DE SERVICES AGRICOLES-VIVRIERS-AMENAGEMENTHYDRO-AGRICOLE...","AYENA BASILE/TEL 95-42-32-88/BP 391/LOKOSSA/TAKON-ZOHOUNGO",PP
48,ETS  ESPOIR,"RB LKS/13-A-138","MECANIQUE MOTO-PIECES DETACHEE-PRODUITS AGRICOLES-PRET-A-PORTER-ALIMENTATION GENERALE-QUINCAILLERIE-PRESTATION DE SERVICES..","AKOETE KANKOUE JEAN-BAPTISTE/TEL 95-15-21-17/LOKOSSA/SAGUE",PP
49,ETS  ESPOIR  SERVICES,"RB LKS/13-A-247","PRODUITS VIVRIERS-FORESTIERS-FOURNITURES SCOLAIRES ET DE BUREAU-COMMERCE GENERAL- DIVERS","TCHOUMADO LEOCADIE/TEL 95-35-74-92/LOKOSSA/AGNIVEDJI",PP
50,ETS  ESPOIR-IS,"RB LKS/13-A-087","VENTE DE PRODUITS AGRICOLES-PRODUITS PHYTOSANITAIRES-INTRANTS-AMENAGEMENT HYDROAGRICOLE...DIVERS","ISSA ADOLPHE SYMPHORIEN/TEL 95-06-27-36/LOKOSSA/TCHIKOMEY",PP
51,ETS  ETALOR GROUPE,"RB LKS/13-A-236","COMMERCE GENERAL-PRESTATION DE SERVICES-INFORMATIQUE ET CONSOMMABLES-FOURNITURES DE BUREAU...","AMEGNONVOH ALASSI ADELE/TEL 95-49-08-52/LOKOSSA/AGNIVEDJI",PP
52,ETS  ETOILE,"RB LKS/13-A-105","BTP-COMMERCE GENERAL-ENTRETIEN-QUINCAILLERIE-FOURNITURES SCOLAIRES ET DE BUREAU-PRESTATION DE SERVICES ET DIVERS","BALLO ELIACE/TEL 95-65-84-19/LOKOSSA/TCHIKOMEY",PP
53,ETS  FAGBEGNON MATHIAS,"RB LKS/13-A-220","AMENAGEMENT HYDRO-AGRICOLE-ETUDES ET REALISATION EN HYDRAULIQUE-ENTRETIEN-COMMERCE GENERAL-PRESTATION DE SERVICES-DIVERS","FAGBEGNON COFFI MATHIAS/TEL 95-54-41-96/BP 99/ATHIEME/AGBOBADA",PP
54,ETS  FAIS DU BIEN,"RB LKS/13-A-175","COMMERCE GENERAL-QUINCAILLERIE-BTP-LOCATION-AGENCE IMMOBILIERE-DIVERS","DANDJESSO JOSEPH/TEL 95-20-99-27/AZOVE/AVEGODOUI",PP
55,ETS  GAJET,"RB LKS/13-A-052","CONSTRUCTION METALLIQUE-PRODUITS FORESTIERS-VENTE DE SABLE ET GRAVIERS-COMMERCE GENERAL ET DIVERS","TCHIKLIN JEAN/TEL 94-28-06-99/TANNOU-GOLA/GBAYEDJI",PP
56,ETS  GILGAL,"RB LKS/13-A-029","FOURNITURES DE BUREAU-CONSOMMABLES ELECTRONIQUES-FROID-AMENAGEMENTHYDRO-AGRICOLERESTAURATION-PRESTATION DE SERVICES-COMMERCE GENERAL ET DIVERS","DEMAHOU COSSI ACHILLE/TEL 95-24-28-04/072BP 119/LOKOSSA/AGNIVEDJI",PP
57,ETS  GOD BLESS,"RB LKS/13-A-178","DEPOT SOBEBRA-EXPLOITATION FORESTIERE-MENUISERIESCIERIE-ALIMENTATION GENERALE..DIVERS","AGBOKLI KODJO JEROME/TEL 95-24-82-30/LOKOSSA/AGONVE",PP
58,ETS  GRAND  R,"RB LKS/13-A-246","RESTAURATION-DEPOT SOBEBRA-ALIMENTATION GENERALE-COMMERCE GENERAL ET DIVERS","N'BOUKE EKE RA¨MI/TEL 97-29-65-84/DOGBO/TOTA",PP
59,ETS  HAVILA - TERRE,"RB LKS/13-A-204","AUDIT ET CONTROLE DE GESTION-REPRESENTATION COMMERCIALE-FOURNITURES ET ARTICLES DE BUREAU-COMMERCE GENERAL ET DIVERS","HOUNKPE LAMBERT/TEL 95-11-91-31/DOGBO/ZAPHI 2",PP
60,ETS  HIVER,"RB LKS/13-A-058","FOURNITURES DE BUREAU-COMMERCE GENERAL-ETUDES ET CONSEILS-MATERIAUX DE CONSTRUCTION-CONSOMMABLES INFORMATIQUES-PRESTATION DE SERVICES ET DIVERS","ASSOU FRANCOIS COSSY/TEL 96-02-36-76/BP 319/LOKOSSA/TCHIKOMEY II",PP
62,ETS  HOUACHOU & FILS,"RB LKS/13-A-136","SCIERIE-PRODUITS FORESTIERS-MATERIAUX DE CONSTRUCTION-PRESTATION DE SERVICES-COMMERCE GENERAL ET DIVERS","HOUACHOU ELIAS/TEL 96-02-27- 5 /60/LOKOSSA/TCHIKOMEY",1P6P
63,ETS  HOUNTONDE & FILS,"RB LKS/13-A-235","BAR-RESTAURANT-SERVICE TRAITEUR-ALIMENTATION GENERALE-COMMERCE GENERAL-DIVERS","HOUNTONDE GERMAIN/TEL 97-05-15-64/LOKOSSA/SAGUE-ZOUNHOUE",PP
64,ETS  J. FORAS,"RB LKS/13-A-230","PRODUITS AGRICOLES-ELECTRICITE-BTP-MATERIAUX DE CONSTRUCTION-PRESTATION DE SERVICES-COMMERCE GENERAL ET DIVERS","AMOU AGNES AMELE SIDOINE/TEL 95-75-39-02/BP 088/ATHIEME/GBEDJI",PP
65,ETS  JEHOVA JIRE,"RB LKS/13-A-191","PRODUITS FORESTIERS ET AGRICOLES-MENUISERIE-SCIERIE-COMMERCE GENERAL ET DIVERS","NATO AFFI CELESTINE/TEL 97-39-34-96/HOUEYOGBE/DOUTOU",PP
66,ETS  JUMERAL,"RB LKS/13-A-099","BTP-MATERIELS INFORMATIQUES-ELECTROMENAGERS-DE BUREAU ET ROULANT-PRESTATION DE SERVICES-COMMERCE GENERAL ET DIVERS","GNIMAVO KUEBA JUSTINE/TEL 95-84-77-05/DOGBO TOTA",PP
67,ETS  K A A B,"RB LKS/13-A-215","VENTE D'APPAREILS ELECTRO-MENAGERS-MERCERIE-USTENSILES DE CUISINE-COMMERCE GENERAL-DIVERS","ABOU KARIMATOU CHANTAL/TEL 97-40-34-84/SE/GBADAGLI",PP
68,ETS  K I R O U D O,"RB LKS/13-A-128","PRODUITS FORESTIERS-AGRICOLES-COMMERCE GENERALET DIVERS","AMOUSSA TAFFA BARAKATOU/TEL 94-42-08-55/LOKOSSA/TAKON-ZONGO",PP
69,ETS  K I S L A M B,"RB LKS/13-A-146","VENTE DE PRODUITS FORESTIERS-TROPICAUX-SOBEBRA-QUINCAILLERIE-COMMERCE GENERAL ET DIVERS","INOUSSA BRIKISSOU ALAGA/TEL 66-04-04-88/LOKOSSA/AGNIVEDJI",PP
70,ETS  K S C,"RB LKS/13-A-061","CONSTRUCTION BATIMENT-TRAVAUX PUBLICS-QUINCAILLERIE-BUREAUTIQUE-BAR-RESTAURANT-CONSOMMABLES INFORMATIQUES-SERVICE TRAITEUR-PRESTATION DE SERVICES-COMMERCE GENERAL ET DIVERS","KITI SIMONE CLAUDIA/TEL 95-28-70-10/01BP 3444/LOKOSSA/GUINKOMEY",PP
71,ETS  K T A,"RB LKS/13-A-021","BTP-HOTELLERIE-FOURNITURES ET MOBILIERS DE BUREAU-QUINCAILLERIE-COMMERCE GENERAL ET DIVERS","GBAHOUNGBA BENEDICTE KOUDI ZITA/TEL 97-26-36-96/BP 70/LOKOSSA/TCHICOMEY",PP
72,ETS  KAKA SEVERIN & FILS,"RB LKS/13-A-161","ALIMENTATION GENERALE-PRODUITS SOBEBRA-VIVRIERS-FOURNITURES DE BUREAU ET SCOLAIRES-CONSOMMABLES MEDICAUX-LOCATION...","KAKA SEVERIN/TEL 95-73-79-98/DJAKOTOMEY/DJAKOTOMEY-CENTRE",PP
73,ETS  KAKPO & FILS,"RB LKS/13-A-237","EXPLOITATION D'UNE CARRIERE-ACHAT ET VENTE DE PRODUITS AGRICOLES-COMMERCE GENERAL-BTP-DIVERS","KAKPO BARTHELEMY/TEL 96-69-59-49/LOKOSSA/ADJAKOMEY",PP
74,ETS  LA CHRISTINE & FILS,"RB LKS/13-A-245","BUREAUTIQUE-BTP-ETUDES-ENTRETIEN-HYDRAULIQUE-EXPLOITATION AGRICOLE..DIVERS","DAKPE TCHIHOUNDRO M. DIEUDONNE/TEL 95-68-64-64/BP 26/DOGBO/ZAPHI 2",PP
75,ETS  LA VOLONTE,"RB LKS/13-A-177","FOURNITURES DE BUREAU-CONSTRUCTION BATIMENTS-QUINCAILLERIE-ACHAT ET VENTE PRODUITS AGRICOLES...DIVERS","ETCHI  ALEXANDRE/TEL 96-14-06-26/LOKOSSA/AGNIVEDJI",PP
76,ETS  LAGBO & FILS,"RB LKS/13-A-248","VENTE DE PIECES DETACHEES-HUILE A MOTEUR-MOTOS-APPAREILS ELECTROMENAGERS-COMMERCE GENERAL ET DIVERS","LAGBO KOUESSI CLAUDE/TEL 97-10-04-93/AZOVE/DOKPONOUHOUE",PP
77,ETS  LE ROCHER - BTP,"RB LKS/13-A-078","BTP-FOURNITURES DE BUREAU-LOCATION DE V2HICULES-PRODUITS VIVRIERS-PRESTATION DE SERVICES-COMMERCE GENERAL ET DIVERS","DJIGO CLEMENTINE/TEL 96-97-58-57/TOVIKLIN/DANHOUHOUE",PP
79,ETS  LEBONT,"RB LKS/13-A-106","COMMERCE GENERAL-BUREAUTIQUE-ENTRETIEN-PRODUITS VIVRIERS-BTP-INFORMATIQUE-BAR-RESTAURANT-PRESTATION DE SERVICES ET DIVERS","SOGBOSSI URSULLE GILRES RONISS/TEL 97-268 /-64-08/BP 42/LOKOSSA/GUINKOMEY",1P6P
80,ETS  LECOC,"RB LKS/13-A-228","COMMERCE GENERAL-PRODUITS ALIMENTAIRES-CONGELES-RESTAURATION-TEXTILES-DIVERS","EGLO LEONTINE CÔCÔ/TEL 97-48-91-58/BP 368/LOKOSSA/AGONVE",PP
81,ETS  LES  ELITES,"RB LKS/13-A-117","INFORMATIQUE ET CONSOMMABLES-COMMERCE GENERALFOURNITURES DE BUREAU-BTP-HYDRAULIQUE-PRESTATION DE SERVICES ET DIVERS","AKPLA BENEDICTE/TEL 95-54-19-16/HONTON/AVEGODOE",PP
82,ETS  LES 2P,"RB LKS/13-A-116","TOUS TRAVAUX DE PLOMBERIE-COMMERCE GENERAL-BTP-FOURNITURES SCOLAIRES ET BUREAUTIQUE-QUINCAILLERIE-PRESTATION DE SERVICES-DIVERS","BALLO PIERRE/TEL 95-53-94-19/LOKOSSA/AHOUAME",PP
83,ETS  LES AMIS DE DIEU,"RB LKS/13-A-074","COMMERCE GENERAL-PRET-A-PORTER-PRESTATION DE SERVICES-SERVICE TRAITEUR-PRODUITS SOBEBRA...DIVERS","DEGBEVI FLORENTINE CHANTAL A./TEL 95-86-01-71/LOKOSSA/TCHIKOMEY",PP
84,"ETS  LES DIX DOIGTS DE LA MAIN","RB LKS/13-A-169","VENTE DE PRODUITS ALIMENTAIRES-FORESTIERS ET AGRICOLE-FOURNITURES DE BUREAU ET SCOLAIRES..DIVERS","AHOUSSI TOSSIVI COLETTE/TEL 97-00-52-04/DOUTOU/GODJIHOCOME",PP
85,ETS  LES EAUX DU LAC,"RB LKS/13-A-093","BUREAUTIQUE-BTP-PRODUITS SOBEBRA-COMMERCE GENERAL ET DIVERS","GAÏTO JANVIER KOFFI/TEL 97-23-31-60/LOKOSSA/AGNIVEDJI",PP
86,ETS  LES ETOILES D'AFRIQUE,"RB LKS/13-A-031","MECANIQUE GENERALE-PIECES DETACHEES-BTP-GENIE CIVIL-FOURNITURES DE BUREAU-PRESTATION DE SERVICES-COMMERCE GENERAL ET DIVERS","DOYO SALAMY/TEL 97-14-66-64/LOKOSSA/AGNIVEDJI",PP
87,ETS  LES MANTOIS,"RB LKS/13-A-200","CYBER CAFE-PRODUITS GSM-ALIMENTATION GENERALE-BAR-RESTAURANT-QUINCAILLERIE-BTP-....","AÏSSI ALDA MARIETTE EVELYNE/TEL 68-88-45-15/BP 1841/LOKOSSA/ADJAKOMEY",PP
88,ETS  LORD GOD POWER,"RB LKS/13-A-077","IMPRIMERIE-BTP-EQUIPEMENTS ET FOURNITURES DE BUREAU-INFORMATIQUE-LOCATION-PRESTATION DE SERVICES-COMMERCE GENERAL ET DIVERS","LOKOSSOU ANTOINE/TEL 97-04-39-00/HONTON/KPOHA",PP
89,ETS  MANNONWOHA,"RB LKS/13-A-068","POISSONNERIE-ALIMENTATION GENERALE-PRODUITS VIVRIERS-USTENSILES DE CUISINE-PETROLE LAMPANT-BOISSONS-COMMERCE GENERAL ET DIVERS","MINDEBAHOUN TONALIDE/TEL 95-13-51-11/ADOHOUN/KPODJI",PP
90,ETS  MAWU FE NUSE,"RB LKS/13-A-043","MATERIAUX DE CONSTRUCTION-ELECTRICITE-BTP-COMMERCE GENERAL ET DIVERS","HOUESSOU COMLAN MARTIN/TEL 94-65-22-42/LOKOSSA/AGONVE",PP
91,ETS  MINONSINDJI,"RB LKS/13-A-139","DEPOT PRODUITS BRASSERIE-ALIMENTATION GENERALE-POISSONNERIE-COMMERCE GENERAL ET DIVERS","AMOUSSOU RAYMOND/TEL 96-80-13-86/BP 26/LOBOGO/HOUNGO",PP
92,ETS  MONT  SINAÏ,"RB LKS/13-A-028","BUREAUTIQUE-CONSOMMABLES INFORMATIQUES-BTP-GENIE CIVIL-ELECTRICITE-FROID-PRESTATION DE SERVICES-COMMERCE GENERAL ET DIVERS","HOSSOU DODJI NARCISSE/TEL 95-24-27-84/BP 109/LOKOSSA/AGNIVEDJI",PP
93,ETS  N E H E M Y,"RB LKS/13-A-045","COMMERCE GENERAL-PRODUITS FORSTIERS-SOBEBRA-BUREAUTIQUE-GENIE CIVIL-CONSOMMABLES MEDICAUX-PRESTATION DE SERVICES-DIVERS","TOHOUEGNON MARTINE/TEL 95-57-30-63/BP 02/LOKOSSA/AGNIVEDJI",PP
94,ETS  N'DEWATO & FILS,"RB LKS/13-A-203","BTP-TRANSPORT-LOCATION-VENTE DE VOITURES D'OCCASION-INFORMATIQUE-PRESTATION DE SERVICES-COMMERCE GENERAL ET DIVERS","N'DEWATO GERMAIN/TEL 95-42-19-43/BP 5593/LOKOSSA/TCHIKOMEY",PP
96,ETS  OKPE  OLUWA,"RB LKS/13-A-179","COMMERCE GENERAL-ALIMENTATION GENERALE-PRODUITS FORESTIERS-USTENSILES DE CUISINE-DIVERS","DOHOU ANTOINETTE/TEL 95-28-65- 7 /17/SE/HONNOUGBO",1P6P
97,ETS  P. J. A,"RB LKS/13-A-075","COMMERCIALISATION DE PRODUITS MARAICHERS-AGRICOLES-PRESTATION DE SERVICES-VENTE DE PRODUITS PHYTOSANITAIRES ET DIVERS","AGOSSA GOUSSI BRUNO/TEL 95-88-48-89/LOKOSSA/ADJAKOMEY",PP
98,ETS  PAIX & AMOUR,"RB LKS/13-A-226","COMMERCE GENERAL-RESTAURATION-PRESTATION DE SERVICES-LOCATION DE PLATS-FOURCHETTES-BACHES ET CHAINSES-MARCHANDISES DIVERSES","DAGAN CECILE/TEL 66-24-50-80/DOGBO/HOUEDJAME",PP
99,ETS  PAIX & JOIE,"RB LKS/13-A-082","PRESTATION DE SERVICES-COMMERCE GENERAL-FOURNITURES DE BUREAU-CONSOMMABLES INFORMATIQUES ET DIVERS","KANGNI ANONDE KARINE/TEL 97-26-42-07/BP 101/LOKOSSA/TCHIKOMEY",PP
100,ETS  ROI DE GLOIRE,"RB LKS/13-A-164","VENTE DE MATERIAUX DE CONSTRUCTION-COMMERCE GENERAL ET DIVERS","SOHOUBO AGBOZINWE/TEL 96-15-35-24/LOKOSSA/GLO-GUINKOMEY",PP
101,ETS  S A C I D,"RB LKS/13-A-196","CONSTRUCTION MECANIQUE-INDUSTRIE PLASTIQUE-GENIE RURAL-REPRESENTATION-COMMERCE GENERAL ET DIVERS","AÏOUNOU CHRISTIAN AYMERY YAO/TEL 97-28-74-34/04BP148/LOKOSSA/ADJACOMEY",PP
102,ETS  S J S- DIVINE,"RB LKS/13-A-030","BTP-BUREAUTIQUE-CONSOMMABLES INFORMATIQUES-ELECTRICITE-MATERIAUX DE CONSTRUCTION-ALIMENTATION GENERALE-PRESTATION DE SERVICES-COMMERCE GENERAL ET DIVERS","SOGBADJI JEAN/TEL 97-38-58-69/01BP 7633/DOGBO TOTA",PP
103,ETS  S V - BENIN,"RB LKS/13-A-062","ASSAINISSEMENT-ENTRETIEN-RESTAURATION-PRODUITS VIVRIERS-TROPICAUX-BTP-FOURNITURES DE BUREAU-PRESTATION DE SERVICES-COMMERCE GENERAL ET DIVERS","DAMILOHOUN VICTOR/TEL 95-49-59-05/LOKOSSA/TAKON",PP
104,ETS  SACAM & FILS,"RB LKS/13-A-218","COMMERCE GENERAL-BUREAUTIQUE-BTP-CONSOMMABLES INFORMATIQUES-RESTAURATION-...DIVERS","SEMEGLO AKPE CHRISTOPHE/TEL 95-71-75-52/SE/GBADAGLI",PP
105,"ETS  SAINTE MARIE INFORMATIQUE","RB LKS/13-A-249","INFORMATIQUE-VENTE DE FOURNITURES DE BUREAU-PHOTOCOPIE-ALIMENTATION GENERALE-COMMERCE GENERAL ET DIVERS","MADJIDE KODJO FRANK/TEL 96-58-03-57/LOKOSSA/AGONVE",PP
106,ETS  SEHOGAN & FILS,"RB LKS/13-A-212","BAR-RESTAURANT-SERVICE TRAITEUR-FOURNITURES DE BUREAU-BTP-PRESTATION DE SERVICES-COMMERCE GENERAL ET DIVERS","GUEZO  AURORE SYLVIE/TEL 67-28-45-17/AZOVE/KPAKOMEY",PP
107,ETS  SENAMI,"RB LKS/13-A-066","COMMERCE GENERAL-EQUIPEMENTS INFORMATIQUES-CONSTRUCTION BATIMENT-PRESTATION DE SERVICES-DIVERS","AGBO HOUETO DEVI GNONHOUNDJI GILBERT/TEL 95-35-11-65/LOKOSSA/TCHIKOMEY",PP
108,ETS  SESSOU & FILS,"RB LKS/13-A-081","IMPRIMERIE-FOURNITURES DE BUREAU-BTP-CONSOMMABLES INFORMATIQUES-ALIMENTATION GENERALE-PRESTATION DE SERVICES...DIVERS","MAHOUNTCHE BERNARD/TEL 96-07-64-33/LOKOSSA/AHOUAME",PP
109,ETS  SEUL DIEU,"RB LKS/13-A-176","VENTE DE PRODUITS SOBEBRA-PRODUITS FORESTIERS-MATERIELS INFORMATIQUES-BTP...","GBOYOU LUCIEN D. COMLAN/KOUDO/TEL 96-29-68-94",PP
110,ETS  SOBERN,"RB LKS/13-A-242","VENTE DE POISSONS-LOCATION -PETROLE LAMPANT-QUINCAILLERIE-PIECES DETACHEES-PRET-A-PORTER-PRODUITS VIVRIERS-COMMERCE GENERAL ET DIVERS","SODJI BERNARDIN/TEL 97-08-51-16/DOGBO/KPODAVE",PP
112,ETS  ST  MELSHI,"RB LKS/13-A-151","BTP-AGENCE DE VOYAGE-ELECTRICITE-FROID-QUINCAILLERIE-COMMERCE GENERAL ET DIVERS","AMOU JEAN LOUIS/TEL 95-37-17-11/HOUEYOGBE/ADJAME 8 /",1P6P
113,ETS  STAR - NET,"RB LKS/13-A-022","ENTRETIEN ESPACES VERTS-BUVETTE-MAINTENANCE DES APPAREILS ELECTROGENES-PRODUITS VIVRIERS-PRESTATION DE SERVICES-COMMERCE GENERAL ET DIVERS","ASSOU LOUIS/TEL 97-76-68-61/KPINNOU/HAHAME",PP
114,ETS  STROLKA,"RB LKS/13-A-182","BTP-MATERIAUX DE CONSTRUCTION-COMMERCE GENERAL-BUREAUTIQUE-CONSOMMABLES INFORMATIQUES-PRODUITS FORESTIERS...","AÏNA FIGAS BRIEUX KOFFI/TEL 99-78-19-11/ATHIEME/AWAKOU",PP
115,ETS  T  C  Y,"RB LKS/13-A-198","CIMENT-POISSONNERIE-COMMERCE GENERAL-ALIMENTATION GENERALE-DIVERS","TOGBOE COCOU HYACINTHE/TEL 66-64-38-34/DOUTOU/ZOVOKOMEY",PP
116,ETS  TALF & FILS,"RB LKS/13-A-160","MERCERIE-QUINCAILLERIE-PAPETERIE-PRET-A-PORTER-PRODUITS VIVRIERS-BTP-COMMERCE GENERAL ET DIVERS","TCHODO ALFRED/TEL 97-43-24-10/DOGBO/ZAPHI 2",PP
117,ETS  TOUT EST ACCOMPLI,"RB LKS/13-A-152","PRET-A-PORTER-PRODUITS COSMETIQUES-AGRICOLES-TROPICAUX-RESTAURATION-COMMERCE GENERAL ET DIVERS","LOKPO PELAGIE JUDITH/TEL 95-37-68-64/LOKOSSA/AGONVE",PP
118,ETS  VAL-ESPOIR,"RB LKS/13-A-224","FOURNITURES DE BUREAU-BTP-PRODUITS ALIMENTAIRES-PHYTOSANITAIRES-COMMERCE GENERAL ET DIVERS","GBADEKPE HULISCO VALANT/TEL 97-75-85-25/BP 150/AZOVE/KPACOMEY",PP
119,ETS  VICTOIRE  GM,"RB LKS/13-A-172","COMMERCE GENERAL-INFORMATIQUE-ENERGIES RENOUVELLABLES-RESTAURATION-BTP-CONSOMMABLES MEDICAUX ET DIVERS","AHOUDO IMMACULEE ADELE ADJOUA/TEL 97-71-11-57/LOKOSSA/ZONGO 2",PP
120,ETS  VITALEAU,"RB LKS/13-A-142","ADDUCTION D'EAU VILLAGEOISE-ENTRETIEN-BTP-FOURNITURES DE BUREAU-PRODUITS AGRICOLES-PRESTATION DE SERVICES..","SOZEHOUE ANANI FELIX/TEL 95-79-35-02/HOUIN/KESSAWE",PP
121,ETS  VIZA,"RB LKS/13-A-171","REPRESENTATION COMMERCIALE-BUREAUTIQUE-MAROQUINERIE-BTP-ALIMENTATION-MATERIELS INFORMATIQUES...DIVERS",ZINSOU VIVIANE/TEL 97-25-03-05/DOGBO/TOTA,PP
122,ETS  WEBO-WEBO,"RB LKS/13-A-086","EXPLOITATION D'UNE AUBERGE-D'UNE SCIERIE-VENTE DE PRODUITS FORESTIERS-TROPICAUX-PRESSING-PRESTATION DE SERVICES-COMMERCE GENERAL ET DIVERS","ALAVO ANTOINE EMMANUEL/TEL 95-34-46-40/BP 156/LOKOSSA/AGNIVEDJI",PP
123,"ETS "" KEBMAC"" LOUONS L'ETERNEL","RB LKS/13-A-042","QUINCAILLERIE-BTP-PETROLE LAMPANT-PRODUITS AGRICOLES-FORESTIERS-VENTE DE TISSUS-COMMERCE GENERAL ET DIVERS","ZONHADE MARIE-CLAIRE/TEL 96-69-71-30/AZOVE/KPAKOMEY",PP
124,"ETS ""A M"" (JE SUIS DANS MON PAYS)","RB LKS/13-A-123","INFORMATIQUE ET CONSOMMABLES-PHOTOGRAPHIE-MATERIAUX DE CONSTRUCTION-RESTAURANT-PRESTATION DE SERVICES-COMMERCE GENERAL ET DIVERS","ATIKPO PASCAL/LOBOGO/GBEDECOME/TEL 66-11-87-15",PP
125,ETS ABIODOUN & FILS,"RB LKS/13-A-149","EXPLOITATION FORESTIERE-PRODUITS TROPICAUX-QUINCAILLERIE-COMMERCE GENERAL ET DIVERS","BAH-AGBO TAMIMOU ABIODOUN/TEL 95-72-65-79/LOKOSSA/TCHIKOMEY",PP
126,ETS AGBE KEDEY,"RB LKS/13-A-184","VENTE DE MATERIAUX DE CONSTRUCTION-PRODUITS VIVRIERS-FORESTIERS-ALIMENTATION GENERALE-COMMERCE GENERAL ET DIVERS","WANDE LEONARD/TEL 97-13-21-57/BP 147/LOKOSSA/TCHIKOMEY",PP
127,ETS AKE PLUS,"RB LKS/13-A-035","PRESTATION DE SERVICES-QUINCAILLERIE-BTP-POISSONNERIE-PRODUITS FORESTIERS ET PHYTOSANITAIRES-GSM-PRET-A-PORTER-BUVETTE-DIVERS","ATCHIKPATO EDRISSE/TEL 96-60-29- 9 /69/AZOVE/GBOFOLY","16PP"
128,ETS ALEPH - BENIN,".RB LKS/13-A-013","PRESTATION DE SERVICES-COMMERCE GENERAL-FOURNITURES ET MAINTENANCE DES EQUIPEMENTS ELECTRIQUES-HOSPITALIERS ET INFORMATIQUES..","DOFIA ADODO COFFI/TEL 95-35-20-36/LOKOSSA/AHOUAME",PP
129,ETS ALISSOU & FILS,"RB LKS/13-A-064","POISSONNERIE-PRODUITS VIVRIERS-FOURNITURES SCOLAIRES-PRET-A-PORTER-INFORMATIQUE-PRESTATION DE SERVICES-COMMERCE GENERAL ET DIVERS","ALISSOU AKOUAVI AKOFA AIMEE/TEL 95-38-31-37/BP 74/LOKOSSA/GUINKOMEY",PP
130,ETS ALLELUYA - PEINTURE,"RB LKS/13-A-018","QUINCAILLERIE-PRET-A-PORTER-FOURNITURES SCOLAIRES ET DE BUREAU-PETROLE LAMPANT-ALIMENTATION GENERALE--PRESTATION DE SERVICES..DIVERS","SAKPONOU YAOVI STEPHANE/TEL 95-93-31-30/BP 109/LOKOSSA/AGONVE",PP
131,ETS ALLEY BASILE & FILS,"RB LKS/13-A-088","VENTE DE PRODUITS AGRICOLES-PRODUITS PHYTOSANITAIRES-INTRANTS-EQUIPEMENTS DE PECHE....DIVERS","ALLEY COMLAN BASILE/TEL 64-67-89-31/LOKOSSA/TCHIKOMEY",PP
132,ETS AMEDESSE-GROUP,"RB LKS/13-A-017","BATIMENT ET TRAVAU PUBLICS-QUINCAILLERIE-MENUISERIE-COMMERCE GENERAL-ETUDES ET REALISATIONS","TOHOUE DIEU-DONNE/TEL 97-04-00-86/BP 81/LOKOSSA/AGNIVEDJI",PP
133,ETS AMEGNANDAN & FILS,"RB LKS/13-A-011","DEPOT SOBEBRA-ALIMENTATION GENERALE-QUINCAILLERIE-PRODUITS GSM ET ACCESSOIRES-BUREAUTIQUE-CONSOMMABLES MEDICAUX..","AMEGNANDAN KOKOU NOEL/TEL 94-21-82-51/OUEDEME/HOUEGLE",PP
134,ETS ARINWA,"RB LKS/13-A-069","EQUIPEMENT ET FOURNITURE DE BUREAU-PRESTATION DE SERVICES-COMMERCE GENERAL-FORMATION EN INFORMATIQUE-HOTELLERIE ET DIVERS","HOUNSOUNOU SESSI SYLVIE MATHILDE/TEL 97-27-47-30/AGAME/AGAME-CENTRE",PP
135,ETS B D M SERVICES,"RB LKS/13-A-111","BTP-GENIE CIVIL-FORMATION-AUDIT-ASSISTANCE-CONSEILS-MAINTENANCE-EAU ET ASSAINISSEMENT-PRESTATION DE SERVICES...","BOSSE MARTIN/TEL 97-24-83-58/BP 94/LOKOSSA/AKODEDJRO",PP
136,ETS BEAUTE CHIC,"RB LKS/13-A-055","PRODUITS COSMETIQUES-MECHES-LAYETTES-CHAUSSURES-PRODUITS AGRICOLES ET FORESTIERS-COMMERCE GENERAL-DIVERS","MOUNIROU MARIAMA/TEL 97-86-28-61/AZOVE/DOKPONOUHOUE",PP
137,ETS BERJEVALE,"RB LKS/13-A-037","AMEUBLEMENT-BTP-PRODUITS PHYTOSANITAIRES-PRET-A-PORTER-POISSONNERIE-DIVERS","TOGBENOU KOUECHI MICHEL/TEL 96-07-71-38/AZOVE/GBOFOLY",PP
138,ETS CHEZ BLAISE,"RB LKS/13-A-132","ALIMENTATION GENERALE-BTP-PRODUITS FORESTIERS-AGRICOLES-SCIERIE-MATERIAUX DE CONSTRUCTION....DIVERS","EDAH GBEGNONHOU BLAISE/TEL 95-71-72-94/BETOUMEY/AÏSSANHOUE",PP
139,ETS CHRYSOLITHE & FILS,"RB LKS/13-A-070","ALIMENTATION GENERALE-HOTELLERIE-BTP-QUINCAILLERIE-TRANSPORT-PETROLE LAMPANT-VENTE DE MOTOS-PRESTATION DE SERVICES..","AMOUZOUN AKOUAVI RITA/TEL 97-04-91-53/BETOUMEY/HOUNGBEDJIHOUE",PP
140,ETS COGEBO,"RB LKS/13-A-210","PETROLE LAMPANT-LOCATION-PRODUITS SOBEBRA-BUVETTE-QUINCAILLERIE-REPRESENTATION COMMERCIALE..","KAKPO JULIEN/TEL 95-60-34-74/DJAKOTOMEY/GBOGNONHOUE",PP
142,ETS DANGBO-DANHOUE,RB LKS/13-A-073,QUINCAILLERIE-EXPLOITATION FORESTIERE-COMMERCE GENERAL ET DIVERS,KOUNAKE KOKOU NESTOR/TEL 97-21-61-04/LOKOSSA/TCHIKOMEY 10 / ,1P6P
143,ETS DANSOU & FILS,RB LKS/13-A-112,BTP-GENIE CIVIL-QUINCAILLERIE-BUREAUTIQUE-PRODUITS FORESTIERS-SOBEBRA-VIVRIERS-CONSOMMABLES INFORMATIQUES-PETROLE LAMPANT.....,DANSOU YAOVI JACQUES/TEL 97-14-09-74/BP 026/SE/BADAGLI,PP
"","","",COMMERCE GENERAL-PRODUITS VIVRIERS-FOURNITURES ,"",""
144,ETS DAS LE SOLEIL,RB LKS/13-A-101,SCOLAIRES ET DE BUREAU-QUINCAILLERIE-POISSONNERIE-BTP-PRESTATION DE SERVICES ET DIVERS,DANVO SEVERIN/TEL 66-24-87-42/DOGBO/DAHOUE,PP
145,ETS DEO-GRATIAS NOUVELLE GENERATION,RB LKS/13-A-102,INFORMATIQUE-BUREAUTIQUE-PIECES DETACHEES-COMMERCE GENERAL ET DIVERS,ZINSOU M. JACQUES/TEL 97-84-14-12/LOKOSSA/SAGUE,PP
146,ETS DIEU MERCI (GDM),RB LKS/13-A-085,MECANIQUE AUTO -PIECES DETACHEES AUTO-PRET-A-PORTER-MAROQUINERIE-COMMERCE GENERAL ET DIVERS,KOGNANNOU CLEMENT/TEL 97-51-44-20/KLOUEKANME/EHUZOU,PP
147,ETS DIEU SEUL PEUT TOUT,RB LKS/13-A-004,BAR-RESTAURANT-PRODUITS CONGELES-COMMERCE GENERAL ET DIVERS,VITO COCOU ANDRE/TEL 98-24-39-90/LOKOSSA/AGNIVEDJI,PP
"","","",PRODUITS SOBEBRA-BAR-RESTAURANT-ALIMENTATION ,"",""
148,ETS ECLOU DANIEL & FILS,RB LKS/13-A-006,GENERALE-QUINCAILLERIE-PRESTATION DE SERVICES-COMMERCE GENERAL ET DIVERS,ECLOU DANIEL/TEL 95-15-02-35/LOKOSSA/TCHIKOMEY,PP
149,ETS EDOH & FILS,RB LKS/13-A-103,VENTE DE PRODUITS DE BEAUTE-LAYETTE-TISSUS-PRODUITS AGRICOLES-PETROLE LAMPANT-MERCERIE ET DIVERS,EDOH MASSAN REGINA/TEL 95-98-88-00/LOKOSSA/TCHIKOMEY,PP
150,ETS ELECTRICITE MODERNE DU BENIN (E M B),RB LKS/13-A-238,ELECTRICITE BATIMENT INDUSTRIELLE-BTP-PANNEAUX SOLAIRES-APPAREILS ELECTRO-MENAGERS-COMMERCE GENERAL ET DIVERS,SIAGBO YAO URBAIN/TEL 95-64-70-32/DOGBO/HOUEGAMEY,PP
"","","",FOURNITURES DE BUREAU-CONSOMMABLES ,"",""
151,ETS ELECTRO-TECHNO-PLUS,RB LKS/13-A-059,INFORMATIQUES-MAINTENANCE-BTP-PRET-A-PORTER-PRESTATION DE SERVICES-COMMERCE GENERAL ET ,DONOU VIKE CANDIDE/TEL 97-59-79-78/LOKOSSA/AGNIVEDJI,PP
"","","",DIVERS,"",""
152,ETS ENOUAGNON,RB LKS/13-A-026,MATERIAUX DE CONSTRUCTION-ALIMENTATION GENERALE-VENTE DE BOISSONS-COMMERCE GENERAL ET DIVERS,YEDJENOU NOUGNON BENOIT/TEL 96-07-62-52/DOKO/KLEME,PP
153,ETS ESPOIR D'AGAME,RB LKS/13-A-255,COMMERCE GENERAL-FOURNITURES SCOLAIRES-PRODUITS CONGELES-ALIMENTATION GENERALE-USTENSILES DE CUISINE-DIVERS,TOSSOU HOBLALO JEAN/TEL 95-45-78-15/LOKOSSA/AGAME,PP
"","","",FOURNITURE D'EQUIPEMENTS AGRICOLES-,"",""
154,ETS ESPOIR DU PAYSAN,RB LKS/13-A-053,TRANSFORMATION ET VENTE DE PRODUITS AGRICOLES-BTP-GENIE CIVIL-PRESTATION DE SERVICES-COMMERCE ,GBEDOUHOU MATHIAS/TEL 97-43-49-80/DOGBO/AVEGODE,PP
"","","",GENERAL ET DIVERS,"",""
"","","",BUREAUTIQUE-CONSOMMABLES INFORMATIQUES-VENTE ,"",""
155,ETS EYRAM-G,RB LKS/13-A-049,DE TISSUS-BTP-TRANSPORT-PRODUITS FORESTIERS-RESTAURATION-SERVICE TRAITEUR-COMMERCE GENERAL ,EBAH GEORGETTE/TEL 97-53-81-79/LOKOSSA/AHOUAME,PP
"","","",ET DIVERS,"",""
156,ETS FACILITATOR,RB LKS/13-A-130,ACHAT ET VENTE DE KARIT2-PRODUITS TROPICAUX-AGRICOLES-BUREAUTIQUE-MATERIELS DE CONSTRUCTION-BTP-PRESTATION DE SERVICES ET DIVERS,HENRIQUI AARON ORELL/TEL 97-05-90-11/BP 01/LOKOSSA/ADJACOMEY,PP
157,"ETS FERME LOUANGE AU CHRIST","RB LKS/13-A-243","PRODUITS MARAICHERS-AGRICOLES-PRODUCTION D'AGRUMES-ELEVAGE-COMMERCE GENERAL ET DIVERS","ADJAHLIN KOCOUVI SAMUEL/TEL 95-86-59- 11 /35/BP 32/SE/GONFIOCOME"
158,ETS FIDO,"RB LKS/13-A-047","BUREAUTIQUE-MATERIAUX DE CONSTRUCTION-BTP-LOCATION-BAR-RESTAURANT-PRESTATION  DE SERVICES-COMMERCE GENERAL ET DIVERS","AÏTCHEDJI FIDELE MEDARD/TEL 94-59-49-50/AZOVE/DOKPONOUHOUE"
159,ETS GBB FRANCK CHRIST,"RB LKS/13-M-095","VENTE DE PIECES DETACHEES-TRANSPORT-MECANIQUE AUTO DIESEL-PRODUITS FORESTIERS-PRESTATION DE SERVICES-COMMERCE GENERAL ET DIVERS-PETROLE LAMPANT ET LUBRIFIANT","AMETONOU FRANCOIS/TEL 90-93-60-41/LOKOSSA/TAKON-ZONGO"
160,ETS GR MULTI-SERVICES,"RB LKS/13-A-023","FOURNITURES SCOLAIRES ET DE BUREAU-BTP-GENIE CIVILQUINCAILLERIE-EXPLOITATION DE CARRIERE-PRESTATION DE SERVICES-COMMERCE GENERAL ET DIVERS","GBADAMASSI RAMANOU/TEL 97-71-75-07/AGAME/AGAME CENTRE"
161,ETS GROUPE IMMACULEE,"RB LKS/13-M-144","HOTELLERIE-TOURISME-RESTAURATION-...EXPLOITATION D'UNE OFFICINE DE PHARMACIE-PRODUITS PETROLIERS","GBEDJINOU K. BIENVENU/BP 32/TEL 95-15-49-35/AZOVE/GBOFOLY"
162,ETS HARMONIE PLUS,"RB LKS/13-A-167","INFORMATIQUE ET SONCOMMABLES-PRODUITS GSM-FOURNITURES DE BUREAU-PRESTATION DE SERVICES-COMMERCE GENERAL ET DIVERS","DEGBEY VERONIQUE/TEL 97-69-68-09/LOKOSSA/GUINKOMEY"
163,ETS HINHAMI GROUP,"RB LKS/13-A-189","BATIMENTS ET TRAVAUX PUBLICS-HOTELLERIE-RESTAURATION-FOURNITURES DE BUREAU-COMMERCE GENERAL ET DIVERS","HOUNNOU GEDEON HINHAMI/TEL 96-01-33-00/BP 195/LOKOSSA/AGNIVEDJI"
164,ETS HOUNYO & FILS,"RB LKS/13-A-173","VENTE DE PRODUITS CONGELES-ALIMENTATION GENERALE-QUINCAILLERIE-FOURNITURES DE BUREAU-COMMERCE GENERAL ET DIVERS","HOUNYO ABEY NICOLAS/TEL 95-57-29-11/LOKOSSA/GLO-GUINKOMEY"
165,ETS JOSNELLE PLUS,"RB LKS/13-A-124","COMMERCE GENERAL-TRANSPORT-LOCATION-INFORMATIQUE-FOURNITURES SCOLAIRES-MATERIAUX DE CONSTRUCTION-CARRIERE....","de SOUZA épse ATINKPAHOUN PATRICIA IRMA/LOKOSSA/AGNIVEDJI/ TEL 97-61-84-66/BP 281"
166,ETS JUNO & FRERES,"RB LKS/13-M-145","COMMERCE GENERAL-RESTAURATION-MATERIELS ET FOURNITURES DE BUREAU-ENTRETIEN ET MAINTENANCE INFORMATIQUE-PRESTATION DE SERVICES","DEGBEAWO AGOSSIVI NATHALIE/TEL 96-73-13-60/BP 98/LOKOSSA/TCHIKOMEY"
167,ETS LA FONDATION,"RB LKS/13-A-090","COMMERCE GENERAL-PRESTATION DE SERVICES-LOCATION-QUINCAILLERIE-FORMATION EN INFORMATIQUE ET TECHNIQUE AUDIO-VISUELLE...DIVERS","FANGNON MAHOUGLO HYPOLITE/TEL 97-62-36-73/AZOVE/EKINHOUE"
168,ETS LA GRATITUDE PLUS,"RB LKS/13-A-012","BTP-FROID-ELECTRICITE-INFORMATIQUE-IMPRIMERIE-FORMATION-COMMERCE GENERAL ET DIVERS","AMEGAN SANVI YAOVI ADOLPHE LEONARD/TEL 90-19-24-04/BP 14/LOKOSSA/AKODEDJRO"
169,ETS LA PATIENCE,"RB LKS/13-A-131","POISSONNERIE-BAR-RESTAURANT-COMMERCE GENERAL ET DIVERS","ADOUGBOU ABLA ADODO/TEL 94-17-42-19/LOKOSSA/AGNIVEDJI"
170,ETS LA PERTINENCE,"RB LKS/13-A-251","GSM-ELEVAGE-QUINCAILLERIE-COMMERCE GENERAL ET DIVERS","DAKO PATRICE/TEL 95-64-86-10/LOKOSSA/AGONVE"
172,ETS LA REDEMPTION,"RB LKS/13-A-020","BTP-HOTELLERIE-FOURNITURES ET MOBILIERS DE BUREAU-PRESTATION DE SERVICES-COMMERCE GENERAL ET DIVERS","HOUNGBALI ISRAËL/TEL 97-96-78-68/BP 12 /70/LOKOSSA/TCHICOMEY"
173,ETS LA SAINTE TRINITE,"RB LKS/13-A-133","QUINCAILLERIE-EXPLOITATION FORESTIERE-DIVERSES PRESTATIONS DE SERVICES-COMMERCE GENERAL ET DIVERS","HOUEDAKOR AKOUETE JEAN/TEL 97-42-63-69/BOPA/GBEDJI"
174,ETS LA SANTE D'ABORD,"RB LKS/13-A-091","QUINCAILLERIE-FOURNITURES SCOLAIRES-PRODUITS SOBEBRA-FORESTIERS-VIVRIERS-BTP-COMMERCE GENERAL ET DIVERS","SODEGLA ROBERT/TEL 95-14-35-19/DJAKOTOME/KOKOHOUE"
175,ETS LA TEMPERATURE,"RB LKS/13-A-181","RESTAURATION-ALIMENTATION GENERALE-QUINCAILLERIE-PRESTATION DE SERVICES-COMMERCE GENERAL ET DIVERS","DOSSOU FATI/TEL 96-45-58-95/HOUEYOGBE/DINCOME"
176,ETS LA TRINITE-3D,"RB LKS/13-A-046","COMMERCE GENERAL-BUREAUTIQUE-HOTELLERIE-GENIE CIVIL-PRODUITS FORESTIERS-PRESTATION DE SERVICES-CONSOMMABLES MEDICAUX-DIVERS","MEDENOU ABOEGNONHOU ROLAND/TEL 95-71-71-29/BP 109/LOKOSSA/AKODEDJRO"
177,ETS LES C.P.P.D,"RB LKS/13-A-048","COMMERCIALISATION DE PRODUITS AGRICOLES-FORESTIERS-PEINTURE BATIMENT-COMMERCE GENERAL ET DIVERS","MONTCHO COMLAN BENJAMIN/TEL 96-51-24-55/BP 01/LOKOSSA/GUINKOMEY"
178,ETS LES CARRES AVANCES,"RB LKS/13-A-014","BTP-TOURISME-PRODUITS FORESTIERS-BUREAUTIQUE-CYBER CAFE-COMMERCE GENERAL ET DIVERSES PRESTATIONS","AGBASSA OKRI JOSEPH/TEL 95-79-77-39/LOKOSSA/TCHICOMEY"
179,"ETS LES JUMEAUX & FILS ""LA PERSEVERANCE""","RB LKS/13-A-214","COMMERCE GENERAL-BATIMENTS TRAVAUX PUBLICS-ELECTRICITE-PLOMBERIE-VITRERIE-QUINCAILLERIE-ASSAINISSEMENT-GENIE CIVIL-PAVAGE","FANOU ZINSOU/TEL 95-71-34-08/LOKOSSA/TCHIKOMEY"
180,ETS M K M,"RB LKS/13-A-114","PRODUITS SOBEBRA-VIVRIERS-ALIMENTATION GENERALE-FOURNITURES SCOLAIRES-BTP-MENUISERIE-COMMERCE GENERAL ET DIVERS","KENOU MICHEL/TEL 95-56-25-83/LOKOSSA/TCHIKOMEY"
181,"ETS M2S ""LE PACIFIQUE""","RB LKS/13-A-034","BTP-POISSONNERIE-PRODUITS PHYTOSANITAIRE-PRET-A-PORTER ET DIVERS","MEDETOGNON SAMUEL MEDARD/TEL 95-34-91-03/AZOVE/GBOFOLY"
182,ETS MAHOULOLO,"RB LKS/13-A-007","ALIMENTATION GENERALE-MATERIAUX DE CONSTRUCTIONVENTE DE CIMENT-QUINCAILLERIE-BUREAUTIQUE...DIVERS","HOMEDJA ADOUVI CATHERINE/TEL 97-07-84-66/LOKOSSA/AGNIVEDJI"
183,ETS MAWOKPO PLUS,"RB LKS/13-A-019","ALIMENTATION GENERALE-FOURNITURES SCOLAIRES ET DE BUREAU-PETROLE LAMPANT-PRESTATION DE SERVICES-COMMERCE GENERAL ET DIVERS","GAKO SYLVIE/TEL 95-89-06-82/ADOHOUN/KPODJI"
184,ETS MAWULE - K V,"RB LKS/13-A-148","ALIMENTATION GENERALE-COMMERCE GENERAL ET DIVERS","KPETO VICTORINE/TEL 66-42-84-69/LOKOSSA/SAGUE"
185,ETS MOBILE ZONE,"RB LKS/13-A-057","PRODUITS GSM-BUREAUTIQUE-PRESTATION DE SERVICES-COMMERCE GENERAL ET DIVERS","AMOUZOUN RUFIN/TEL 97-19-55-00/01BP 1115/LOKOSSA/GLO-GUINKOMEY"
186,ETS NAHUM & FILS,"RB LKS/13-A-025","BTP-DIVERSES PRESTATIONS DE SERVICES-RESTAURATION-COMMERCE GENERAL ET DIVERS","NAHUM C. A. KAFUI/TEL 97-75-07-47/BP 26/LOKOSSA/AGNIVEDJI"
187,ETS NESTO-SERVICES,"RB LKS/13-A-100","ACHAT ET VENTE DE PRODUITS VIVRIERS-TROPICAUX-FOURNITURES DE BUREAU-MATERIELS INFORMATIQUES-BTP-COMMERCE GENERAL","HINSON SONASSOU NESTOR/TEL 95-45-42-00/LOKOSSA/AGNIVEDJI"
189,ETS NONVI,"RB LKS/13-A-002","FOURNITURES DE BUREAU-BTP-ACHAT ET VENTE DE PRODUITS FORESTIERS-TROPICAUX-GENIE CIVIL-PRESTATION DE SERVICES-COMMERCE GENERAL ET DIVERS","HOUNTON METOGBE PLACIDA SHELLA/TEL 6163- /55-08-88/LOKOSSA/TCHIKOMEY"
190,ETS NOUANDI & FILS,"RB LKS/13-A-072","ALIMENTATION GENERALE-RESTAURATION-FOURNITURES DE BUREAU-PRESTATION DE SERVICES-DIVERS","AKOUTA  TCHOKPONHOUE SENOUWA EDVIGE/TEL 97-24-91-69/LOKOSSA/AGNIVEDJI"
191,ETS NOUVEL ESPOIR,"RB LKS/13-A-158","BTP-SUINCAILLERIE-PAPETERIE-ALIMENTATION GENERALE-PRODUITS FORESTIERS-CONSOMMABLES INFORMATIQUES","GBEGNANVOU SUZANNE/TEL 95-83-28-50/BP12/AZOVE/GBOFOLY"
192,ETS OKPE OLUWA F.A,"RB LKS/13-A-254","VENTE DE PAGNES-BASIN-MERCERIE-PRET-A-PORTER-BUVETTE-BTP-PAPETERIE-DIVERS","FATOLA AMOS/TEL 96-13-47-31/AZOVE/MOUZOUHOUE"
193,ETS OLA & FILS,"RB LKS/13-A-108","BTP-QUINCAILLERIE-ETUDES-BUREAUTIQUE-PRODUITS SOBEBRA-CONGELES-NEGOCE-REPRESENTATION COMMERCIALE-COMMERCE GENERAL ET DIVERS","AKPO AFFOLABI JUSTIN/TEL 97-38-74-94/01BP657/LOKOSSA/GUINKOMEY"
194,ETS OLAÏTAN & FILS,"RB LKS/13-A-092","VENTE DE PRODUITS FORESTIERS-COMMERCE GENERAL-DIVERS","CHABY LAKOU OLAÏTAN CHERIPHATH/TEL 97-65-24-16/LOKOSSA/TCHIKOMEY"
195,"ETS ORA & LABORA DE BERAKA","RB LKS/13-A-063","EQUIPEMENTS ET FOURNITURES DE BUREAU-CONSOMMABLES INFORMATIQUES-RESTAURATION-PIECESDE RECHANGE-QUINCAILLERIE......DIVERS","ADANGNONCHI SALI YANNICK/TEL 95-80-02-42/02BP1377/AZOVE/DJAVOU"
196,ETS OTNIEL COMPAGNIE,"RB LKS/13-M-040","INFORMATIQUE ET CONSOMMABLES-RESTAURATION-TELEPHONIE-MATERIELS DE BUREAU-PIECES DETACHEES-BTP-GENIE CIVIL-EXPLOITATION DE CARRIERE-PRODUITS FORESTIERS-GSM ...DIVERS","ZOUNMETCHI COFFI MICHEL/TEL 97-11-62-69/AZOVE/AVEGODUI"
197,ETS P.D.F - LET STAR,"RB LKS/13-A-024","BTP-COMMERCE GENERAL-DIVERSES PRESTATIONS DE SERVICES-DIVERS","FANOU PATRICK DEWANOU/TEL 95-58-71-59/LOKOSSA/HOUNKPO"
198,ETS PAGEDO & FILS,"RB LKS/13-A-211","QUINCAILLERIE-MATERIAUX DE CONSTRUCTION-PRODUITS FORESTIERS-GSM-ALIMENTATION GENERALE...","EDAH THOMAS FRANC/TEL 94-47-48-47/HOUEYOGBE/KPODJI"
199,"ETS PETIT A PETIT-PERSEVERANCE","RB LKS/13-A-015","BAR-RESTAURANT-POISSONNERIE-PRODUITS AGRICOLES-FORESTIERS+SOBEBRA-BUREAUTIQUE-QUINCAILLERIE-COMMERCE GENERAL ET DIVERS","KOUDJINOU VALENTIN EMMANUEL/TEL 96-93-08-31/BP 76/TCHANVEDJI/TCHANVEDJI I"
200,ETS PETIT COIN OF GOD,"RB LKS/13-A-104","BAR-RESTAURANT-BOISSONS ALCOOLISEES-POISSONNERIE-PRODUITS AGRICOLES-FORESTIERS ET TROPICAUX-QUINCAILLERIE-DIVERS","AKAKPOVI PHILOMENE AFIAVI/TEL 97-31-44-18/LOBOGO/ACLOMEY"
201,ETS PLAN DE DIEU,"RB LKS/13-A-157","PIECES DETACHEES MOTO-AUTO-VENTE DE VEHICULES-MOTOS-COMMERCE GENERAL ET DIVERS","GODEME BERTIN/TEL 94-75-49-48/TCHIKPE/GODEMEHOUE"
202,ETS PLENITUDE & FILS,"RB LKS/13-M-001","RESTAURATION-COMMERCE GENERAL-GENIE CIVIL- PRODUITS TROPICAUX-CABINE TELEPHONIQUE ET DIVERS","ANISSEY HOUEDANMEY HORTANCE/TEL 96-92-35-06/LOKOSSA/GLO-GUINKOMEY"
203,ETS RATOSS & FILS,"RB LKS/13-A-050","FRIPERIE-BUREAUTIQUE-BTP-NEGOCE-PRESTATION DE SERVICES-COMMERCE GENERAL ET DIVERS","TOSSOU RAOUL/TEL 96-07-85-01/DOGBO/ZAPHI-I"
204,ETS SAINT MIRACLE,"RB LKS/13-A-147","PRET-A-PORTER-PRODUITS FORESTIERS-AGRICOLES-SOBEBRA-VIVRIERS-BUREAUTIQUE-ALIMENTATION-PRESTATION DE SERVICES..","ZONGBEDJI BEATRICE/TEL 96-22-46-42/LOKOSSA/AGONVE"
206,ETS SEGNIALI & FILS,"RB LKS/13-A-003","MATERIELS INFORMATIQUES-FOURNITURES DE BUREAU-BTP-SERVICE TRAITEUR-COMMERCE GENERAL ET DIVERS","KPATI GWLADYS CARINE SEGNIALI/TEL 90-151-4 /70-56/BP 109/LOKOSSA/AGONVE"
207,ETS SEMAKIA-DODIMARF,"RB LKS/13-A-159","MERCERIE-QUINCAILLERIE-FROID-PIECES DETACHEES-PRODUITS AGRICOLES-FORESTIERS-COMMERCE GENERALET DIVERS","DOHOU DIEUDONNE MARTIAL/TEL 97-05-29-53/AZOVE/LOGBOHOUE"
208,ETS SOFANA,"RB LKS/13-A-134","BTP-PRODUITS FORESTIERS ET PHYTOSANITAIRES-POISSONNERIE-COMMERCE GENERAL ET DIVERS","FANTCHAO ALEXANDRE/TEL 97-41-02-15/AZOVE/CHIOUDEHOUE"
209,ETS SONOUGBE & FILS,"RB LKS/13-A-009","QUINCAILLERIE-PRESTATION DE SERVICES-CONSOMMABLES INFORMATIQUES-BTP-BUREAUTIQUE-GSM-COMMERCE GENERAL ET DIVERS","SONOUGBE DONATIEN/TEL 97-22-50-65/DOGBO/HOUEDJAMEY"
210,ETS SOUS LES MANGUIERS,"RB LKS/13-A-207","BAR-RESTAURANT-ALIMENTATION GENERALE-ENERGIES RENOUVELABLES-TRANSPORT PUBLIC...DIVERS","AWADJI JOSEPHINE/LALO/ZOUNDOME/TEL  97-32-28-20"
211,ETS SUBLIME PARI,"RB LKS/13-A-109","COMMERCE GENERAL-PRESTATION DE SERVICES-ENTRETIEN-GENIE CIVIL-RESTAURATION-PRODUCTION DE CARTONS D'EMBALLAGE ET DIVERS","ASSOGBA JEREMIE/TEL 97-12-01-54/LOKOSSA/GLO-GUINKOMEY"
212,ETS TOLA & COMPAGNIE,"RB  LKS/13-A-127","PRODUITS FORESTIERS-SOBEBRA-TROPICAUX-QUINCAILLERIE-COMMERCE GENERAL ET DIVERS","SANDA SIDI ABOUDOU BADIROU DOURODJAYE/TEL 94-94-94-29/LOKOSSA/TAKON-ZONGO"
213,ETS TOUR A TOUR,"RB LKS/13-M-219","COMMERCE GENERAL-VENTE DE BOISSONS-MAQUIS-SERVICE TRAITEUR-PRESTATION DE SERVICES-BTP...DIVERS",TOSSAVI ANTONIN/TEL 97-29-75-09/LOBOGO
214,ETS TOUT POUR LA VIE,"RB LKS/13-A-154","BTP-TOURISME-PAPETERIE-PRODUITS FORESTIERS-CARRIERE ET SABLE-COMMERCE GENERAL ET DIVERS","AGOSSOU FELIX/TEL 97-06-52-92/AZOVE/KPACOME"
215,ETS UGICOM-BENIN,"RB LKS/13-A-221","COMMERCE GENERAL-CONCEPTION ET GESTION DES PROJETS-CONSULTATIONS DIVERSES-FORMATION ET RECRUTEMENT....","LAWANI CHAKIROU YAÏ/TEL 95-18-24-17/BP 157/LOKOSSA/SAGUE"
216,ETS V I N A S,"RB LKS/13-A-065","RESTAURATION-COMMERCE GENERAL-MARCHANDISES DIVERSES-PRESTATION DE SERVICES-BTP","HOUNDEGLASSO MAOUTODJI FRANCOIS-XAVIER/TEL 97-25-21-05/03BP0950/HONTON/KOUTIME"
217,ETS VIRAM-GROUP,"RB LKS/13-A-016","BTP-PRODUITS VIVRIERS-VENTE DE BOISSONS-BUREAUTIQUE-PRESTATION DE SERVICES-COMMERCE GENERAL ET DIVERS","VIDEGLA RIGOBERT/TEL 96-49-99-93/BP 62/LOKOSSA/AGONVE-SOGBADJI"
218,ETS VITAL SERVICES (EVS),"RB LKS/13-A-225","LIBRAIRIE PAPETERIE-TRAVAUX DE CONSTRUCTION-PRESTATION DE SERVICES-BTP-VENTE DE MATERIELS INFORMATIQUES...","MEYOU ABOUTA BASILE/TEL 97-08-01-31/BP 50/AZOVE/DOKPONOUHOUE"
219,ETS WE TRUST IN GOD,"RB LKS/13-A-197","VENTE DE PETROLE LAMPANT-LUBRIFIANT-ALIMENTATION GENERALE-LOCATION-BTP-PRESTATION DE SERVICES-COMMERCE GENERAL...","AZOVE/KPAKOMEYTEL 95-15-26-70"
220,ETS YESU LE AGBE,"RB LKS/13-A-156","FOURNITURES DE BUREAU-MATERIELS INFORMATIQUES ET CONSOMMABLES-PRESTATION DE SERVICES-PHOTOCOPIE-SAISIE..DIVERS","TOSSOU ANDRE/TEL 95-42-03-32/10BP514/LOKOSSA/AGNIVEDJI"
222,"GBASSOU  & FILS ""CHEZ TCHITCHACHI ""","RB LKS/13-A-041","POISSONNERIE-PRODUITS AGRICOLES-FORESTIERS-TROPICAUX-PETROLE LAMPANT-VENTE DE TISSUS-COMMERCE GENERAL ET DIVERS","GBASSOU LEONTINE/TEL 95-12-41- 15 /04/AZOVE/HOLOUHOUE"
223,GBENAMI ENTREPRISE,"RB LKS/13-A-113","BTP-FOURNITURES SCOLAIRES ET DE BUREAU-PRESTATION DE SERVICES-LOCATION-COMMERCE GENERAL ET DIVERS","DEGBEY BRUNO/TEL 97-13-51-58/DOGBO/ZAPHI II"
224,"GENERALE DES SERVICES BENIN (G S BENIN)","RB LKS/13-A-032","BTP-BUREAUTIQUE-CONSOMMABLES INFORMATIQUES-PRODUITS SOBEBRA-ALIMENTATION GENERALE-PRESTATION DE SERVICES..DIVERS","KPATOUKPA FRANCIS/TEL 96-58-05-99/LOKOSSA/AGNIVEDJI"
225,"GROUP ADELE INTERNATIONAL","RB LKS/13-A-137","BTP-REPRESENTATION COMMERCIALE-PRODUITS ALIMENTAIRES-TOURISME-VENTE D'ARTICLES D'ART-COMMERCE GENERAL ET DIVERS","YACOUTO ADJOIVI ADELE/TEL 96-22-48-14/BP 257/LOKOSSA/TCHIKOMEY"
226,GROUPE  A D F,"RB LKS/13-A-122","BTP-HYDRAULIQUE VILLAGEOISE/URBAINE-COMMERCE GENERAL-AMENAGEMENT HYDRO AGRICOLE-PISTES DE DESSERTES RURALES-TOPOGRAPHIE","AZE  DERICK FRANCISCO/LOKOSSA/AGNIVEDJI/TEL 94-78-90-10/BP 74"
227,GROUPE YOSHUA SERVICES,"RB LKS/13-A-039","FOURNITURES ET EQUIPEMENTS DE BUREAU-HOTELLERIE-TOURISME-TRANSPORT-INFORMATIQUE-IMPRIMERIE-ENTRETIEN ET ASSAINISSEMENT...DIVERS","KAGOLI VERONIQUE/TEL 96-98-64-42/BP 59/AZOVE/DOKPONOUHOUE"
228,"L'ENTREPRISE  GBANAL WORLD CENTER","RB LKS/13-A-250","HOTELLERIE-BAR-RESTAURANT-BTP-PRODUITS FORESTIERS-PHYTOSANITAIRES-LUBRIFIANT-MARCHANDISES DIVERSES","GBAGOU AGUEMON L. NARCISSE/TEL 97-87-94-50/BP 40/AZOVE/ATCHIHOUE"
229,"L'ETERNEL EST MON BERGER-DESS","RB LKS/13-A-208","LOCATION BACHES ET CHAISES-PRESTATION DE SERVICES-COMMERCE GENERAL-MARAICHAGE ET DIVERS","DESSOUASSI CODJO DARIUS/TEL 95-97-31-70/LOKOSSA/TCHICOMEY"
230,LES BEATITUDES BENIS,"RB LKS/13-M-168","BTP-ASSAINISSEMENT-PRESTATION DE SERVICES-COMMERCE GENERAL-ELECTRICITE ET FROID-FOURNITURES DE BUREAU..","TOSSOU AKOUAVI BLANDINE/TEL 97-58-52-41/LOKOSSA/SAGUE"
231,MAQUIS SOLUTION DIVINE,"RB LKS/13-A-153","SERVICE TRAITEUR-RESTAURANT-QUINCAILLERIE-PRODUITS AGRICOLES-FORESTIERS-APPAREILS MENAGERS..DIVERS","FIOGBE DODJI/TEL 95-38-63-70/BP 115/DOGBO/HOUEDJAMEY"
232,MERDINE,"RB LKS/13-M-229","ALIMENTATION GENERALE-VENTE DE BOISSONS LOCALES-TISSUS-IMPRIMERIE-ARTICLES DIVERS-PRESTATIONS DE SERVICES-EXPLOITATION D'UNE BUVETTE.....","HOUNVENOU MEGNON CHRISTINE/TEL 95-45-4431/BP 115/LOKOSSA/GLO-GUINKOMEY"
233,"MILLENIUM EXCELLENCE COMPANY","RB LKS/13-A-188","BTP-COMMERCE GENERAL-AGRO-FORESTERIE-RESTAURATION-PRESTATION DE SERVICES-DIVERS","AGBOTAN JEAN/TEL 95-09-30-68/LOKOSSA/AGNIVEDJI"
234,REHOBOTH  GROUP,"RB LKS/13-A-183","BTP-HYDRAULIQUE VILLAGEOISE ET ASSIMILE-AGRO-ALIMENTAIRE-CONSULTATION ET FORMATION-COMMERCE GENERAL ET DIVERS","KODJO DJITOWOU EDMOND/TEL 95-71-81-00/BP 67/AZOVE/GBOFOLY"
235,S P E S - BTP,"RB LKS/13-A-110","BTP-FOURNITURES DE BUREAU-COMMERCE GENERAL-AGENCE IMMOBILIERE-PRESTATION DE SERVICES ET DIVERS","MAHINOU KODJO ENYONAM/TEL 95-01-66-03/BP 169/LOKOSSA/YENAWA"
237,SO-CO GROUP-ENTREPRISE,"RB LKS/13-A-036","BTP -GENIE CIVIL-ADDUCTION D'EAU-FOURNITURES DE BUREAU-ASSAINISSEMENT-CONSOMMABLES INFORMATIQUES-PRESTATION DE SERVICES..DIVERS","SEGNANNOU HOUNSOUHOSSOU 16 /EMMANUEL/TEL 97-16-35-35/DOGBO/KPODAVE"
238,"WEST AFRICA PEPPER TRADING (WAPT)","RB LKS/13-A-166","PRODUITS AGRICOLES-MANUFACTURES-QUINCAILLERIE-FOURNITURES DE BUREAU-COMMERCE GENERAL ET DIVERS",EDAH KOFFI/TEL 97-95-34-55/DOGBO/ZAPHI I
