N°,Dénomination,N° RCCM,"",Activités,Adresses
1,AHÏHON GBEME CLO,"RBABY2013M242DU28/07/95","","ACHAT ET VENTE DE PRODUITS FORESTIERS, DE CIMENT, QUINCAILLERIE,  COMMERCE GENERAL ET DIVERS.","HOUNTONDJO , ABOMEY,  MS HOUEDJISSI ,TEL/ 94.74.22.07"
2,ALEO -LIBERTE,RB AB 2013 A 88,"","ACHAT ET VENTE DE PRODUITS FORESTIERS,  AGRICOLES, TROPICAUX, TISSUS ,COSMETIQUES, CONGELES,  PRESTATION DE SERVICES , COMMERCE GENERAL ET DIVERS.","ZAKPO , BOHICON,  MS OGNONDOU"
3,A-M- ALBARKA,RB ABY 2013 M129,"","VENTE DE PRODUITS ALIMENTAIRES,  SOBEBRA , COMMERCE GENERAL ET DIVERS.","GANKON,  BOHICON"
4,AMEN- ALLELUIA,"RBABY2013A241 DU01/07/13","","QUINCAILLERIEALIMENTATION GENERALE , TRANSPORT , PRODUITS TROPICAUX , FORESTIERS , COMMMERCE GENERAL","ADOUGOU ( MS TEHLI ),  BP 12 OUESSE TEL/ 64.83.05.64"
5,BENEDICTION DIVINE ANOJOCE,"RB ABY2013 A 176DU08/05/","","ACHAT ET VENTE DE PRODUITS ALIMENTAIRES , COMMERCE GENERAL ET DIVERS.","DOMAINE MAIRIE FACE MS SOEUR , HOUNDJROTO,  ABOMEY ,TEL/97.00.97.75"
6,"CABINET :OUTILLEURS  DE LA GOUVERNANCE BENIN",RB ABY 2013 A 103,"","ETUDE , APPUI , CONSEILS AUX ENTRPRISES,  FORMATION, PRESTATION DE SERVIECS.","AHOUAME - AHIO,  BOHICON"
7,CABINET NAFRICAS,RBABY2013A236,"","ETUDE,  CONSULTATION , BTP , DIVERSES PRESTATIONS DE SERVICES","MAISON AMADJI, SODOHOME,  BOHICON , TEL/ 94.21.11.03"
8,CHAMAS,RB ABY 2013 A 133,"","BUREAUTIQUE , BTP,  PRESTATION  SERVICES,  COMMRCEGENERAL ET DIVERS.","SONOU- AKOUTA , ABOMEY"
9,CLINIQUE L'ESPERANCE,"RB ABY2013A191DU23/05/13","","SERVICESOINS MEDICAUX , SPECIALITES,","HONMEHO,  BOHICON, BP : 2008 ABOMEY, TEL: 97.72.34.25"
10,EN/ SE TOGNON,RB ABY 2013 A 81,"","BTP , ENTRETIEN DES ESPACES VERTS,  COMMERCE GENERAL ET DIVERS.","HOUNTONDJI , ABOMEY,  MS ADJOUDJENON"
11,"EN/SE AGENCE D'EXECUTION DES TRAVAUX NEUFS (AGTN)",RB ABY 2013 A 146,"","BTP ,  BUREAUTIQUE , COMMERCE GENERAL ET DIVERS.","AGONVEZOUN , BOHICON,  MS DJOMATIN"
12,EN/SE B.E.B.A.TO.C,"RBABY2013A265 DU29/07/13","","TRAAUX TOPOGRAPHIQUE COMMERCE GENRAL ET DIVERS, QUINCAILLERIE,  HÔTELLERIE PRESTATION DE SERVICES.","MAISON ALLAGBE , AYEDERO,  DASSA- ZOUME,  TEL/ 94.00.86.46"
13,EN/SE CETES,"RBABY2013A247 DU 05/07/13","","MAINTENANCE INFORMATIQUE,  PRESTATION DE SERVICES,  COMMERCE GENERAL ET DIVERS.","MS LOKONON , AGBADJAGON , BOHICON  , TEL/ 97.53.48.19"
14,EN/SE CONVENANCE,"RBABY2013A224 DU14/06/13","","BTP , COMMERCE GENERAL ET DIVERS.","MS ADJAGBE , SAVE -NOUVEAU,  SAVE ; TEL/ 96.02.79.30"
15,EN/SE DONANWA DUCHRIST (DDC),"RBABY2013 A180 DU08/05/13","","COMMERCEACHAT ET VENTE DE MATERIELS INFORMATIQUES , BUREAUTIQUES - TIC , BTP , COMMERCE GENERAL ET DIVERS.","QUARTIER TOSSOVIKPE , MS ABRAHAM,  OUESSE , TEL/ 96.26.73.21"
16,EN/SE GROUP KORAS,RB ABY 2013 A 112,"","BTP,  ASSAINISSEMENT,  COMMERCE GENERAL ET DIVERS.","ABOMEY,  HOUNLI"
17,EN/SE H.J- LA TOLERANCE,"RBABY2013A253 DU10/07/13","","BAR BUVETTE , RESTAURANT,  HÔTEL,  ALIMENTATION GENERALE,  COMMERCE GENERAL ET DIVERS.","MS HOUNDETINGNAN , ADANDOKPODJI,  ABOMEY , TEL/ 95.39.91.80"
19,EN/SE OSSENATH IDRISS,"RBABY2013A294 DU05/09/13","","BURAUTIQUE BTP , QUINCAILLERIE,  ALIMENTATION GENERALE,  PRODUITS FORESTIERS,  COSMETIQUES , TRANSPORT .HÔTELLERIE COMMERCE GENERAL ET DIVERS.","MAISON SIDI,  ODE -ALAKOU , OUESSE, TEL/ 95.63.45.33"
20,EN/SE SEGLA PLUS,"RBABY2013A202 DU27/05/13","","COMMERCEACHAT ET VENTE DE PRODUITS ALIMENTAIRES,  HÔTELLERIE , COMMERCE GENERAL ET DIVERS.","MAISON , KODEGNON , DANGUI , SAVE , TEL/ 97.53.30.03"
21,"ENTREPRISE AFRICAINE DES EAUX ET DES  TRAVAUX PUBLICS",RB ABY 2013 A 82,"","BTP,  GENIE CIVIL,  PRESTATION DE SERVICES,  COMMERCE GENERAL ET DIVERS.","ZOGBODOMEY , AHITO,  MS YASSINGUEZO"
22,ENTREPRISE COBAGI-BTP,"RBABY2013A329 DU01/10/13","","TRAVAUX DE MACONNERIE,  PRESTATION  SERVICES,  COMMERCE GENERAL ET DIVERS.","MAISON AKABASSI,  HOUETON , COVE , TEL/95.45.39.33"
23,"ENTREPRISE COOPERATIVE AGRICOLES ""EAC""","RBABY2013A351DU14/10/13","","ACHAT ET VENTE DE PRODUITS AGROALIMENTAIRES,  CONDITIONNEMENT,  COLLECTE ET STOCKAGE , COMMERCE GENERAL ET DIVERS","MAISON  EYENAN, HOUELI-SEHOUN ,  ABOMEY, TEL/  95.27.73.42"
24,"ENTREPRISE DES OUVRAGES RESISTANTS ( ENORES)","RBABY2013A368 DU11/11/13","","BTPQUINCAILLERIE , PRODUITS FORESTIERS,  COSMETIQUES, COMMERCE GENERAL ET DIVERS.","M/ GNAKADJA, GOHO,  ABOMEY , TEL/ 94.62.64.40"
25,ENTREPRISE DIVINITE DE DIEU,"RBABY2013M256 DU27/09/11","","BTPASSAINISSEMENT,  FABRICATION,  EXPLOITATION FORESTIERE,  COMMERCE GENERAL  DIVERS.","MS DJODJO, QUARTIER  MADJAVI , DJIDJA, TEL/ 97.64.93.89"
26,ENTREPRISE FAKI,"RBAY2013A276 DU19/08/13","","BTP,  GENIE CIVIL,  ASSAINISSEMENT, PRESTATION DE SERVICES","MAISON SEIDOU , SAVE- NOUVEAU , SAVE,  TEL/ 97.52.92.75"
27,ENTREPRISE VAD- BTP,RBABY2013M278,"","BTP ,ELECTRICITE ET FROID,  GENIE CIVIL , BUREAUTIQUE , COMMERCE GENERAL ET DIVERS.","MAISON TOHOUEGNON LEON ,  PLACE MARCHE, GAHOME,  APLAHOUE,  TEL/ 94.96.01.84"
28,ET KASSENOU,RB ABY 2013 A 123,"","ACHAT ET VENTE DE PRODUITS ALIMENTAIRES , CONGELES ,FORESTIERS ,COMMERCE GENERAL ET DIVERS.","AYEDERO , DASSA - ZOUME"
29,ET M.E.A - BTP,RB ABY 2013 A 56,"","BTP,  HYDRAULIQUE, COMMERCE GENERAL ET DIVERS.","OROKOTO,  GLAZOUE"
30,ET S NONGBEDE HYDRO-FORCE,RB SAVALOU 2013  A 07,"","COMMERCE GENERAL, TOUS TRAVAUX  HYDRAULIQUES , BTP","AHOSSEDO , SAVALOU"
31,ET SLEFILS,RB ABY 2013 A 99,"","LA CREATION,  L'INSTALLATION,  LA GESTION ET L'ADMINISTRATION , DES COMPLEXES HÔTELLIERS, RESTAURANT,  COMMCERVE GENERAL ET DIVERS.","HONMEHO,  BOHICON,  MS DAGNIVI"
32,ET W.Y.A,RB ABY 2013 A 150,"","ACHAT ET VENTE DE PRODUITS  COSMETIQUES,  COMMERCE GENERAL ET DIVERS.","ZAKPO- AHITO , BOHICON , DOM DAHISSIHO"
33,ETS  BERKO'S INFO,"RBABY2013A264 DU25/07/13","","ACHAT ET VENTE DE PRODUITS ALIMENTAIRES,  QUINCAILLERIE,  BTP,  TRANSPORT,  COMMERCE GENERAL ET DIVERS.","MS BALLO,  ZAKPO,  BOHICON , TEL/ 95.15.30.93"
34,ETS  D.K JUSTIN ET FILS,RB ABY 2013 A 80,"","ACHAT ET VENTE DE PRODUITS ALIMENTAIRES ET BOISSONS , COMMERCE GENERAL ET DIVERS","HOUNTONDJI , ABOMEY,  MS DJOSSOUKPE"
35,"ETS  DES STRUCTURES  COMMERCIALES ""LE DESTIN""","RBABY2013A 348DU10/10/13","","VENTE DE PRODUITS ALIMENTAIRES,  DEPÔT DE PRODUITS SOBEBRA,  TRANSPORT , COMMERCE GENRAL ET DIVERS.","MAISON HOUNGUE  , ADJA- GARE,  ABOMEY,  TEL/ 64.93.65.25"
36,"ETS  DJROMAHUTON DIT MAMAN SANSAN",RB ABY 2013   A  115,"","PRODUITS ALIMENTAIRES , PRESTATION DE SERVICES, COMMERCE GENERAL ET DIVERS.","ZAKPO - AHITO,  BOHICON,"
38,ETS  N.B BIO WA,"RBABY2013A357DU17/10/13","","BTP, ALIMENTATION GENERALE,  PRODUITS TROPICAUX , AGRICOLES , FORESTIERS,  QUINCAILLERIE,  COMMERCE  GENERAL ET DIVERS.","MAISON  HAGBE , ASSALIN,  ZAKPOTA,  TEL/ 97.85.39.35"
39,ETS  SOTAF- BENIN  NEGOCE,RB ABY 2013 A 104,"","BTP, GENIE CIVIL, PRODUITS FORESTIERS, AGRICOLES ,  TROPICAUX,  COMMERCE GENRAL ET DIVERS.","MANABOE, BOHICON,"
40,ETS  YAVE CHAMA,"RBABY2013A355DU17/10/13","","VENTE DE PRODUITS ALIMENTAIRES, FOURNITURES DE BUREAU,  PRODUITS FORESTIERS,  AGRICOLES,  LOCATION DIVERSES , COMMERCE GENERAL ET DIVERS.","MAISON TAMADAHO LOKOKANME,  ABOMEY , TEL/ 97.71.07.59"
41,ETS 2A LES 08 MANGUIERS,RB ABY 2013 A 050,"","EXPLOITATION DE DEBIT DE BOISSON,  BUVETTE , PRODUITS FORESTIERS,  AGRICOLES,  COMMERCE GENRAL ET DIVERS.","OUAWE -OUASSAHO , BOHICON"
42,ETS 3M -BENIN SERVICES,"RBABY2013A322 DU12/09/13","","ACHAT ET VENTE DE MATERIELS INFORMATIQUES,  PRESTATION DE SERVICES,  QUINCAILLERIE, COMMERCE  GENERAL  ET DIVERS.","MAISON BIO, ZAKPO- AHITO , BOHICON , TEL/ 97.92.48.59"
43,ETS 6 BOUTEILLES,"RBABY2013A239 DU27/06/13","","AUBERGEALIMENTATION GENERALE , COMMERCE GENERAL ET DIVERS.","MAISON CHINA VICTOR , ZOUNGOUDO, BOHICON, TEL/97.02.15.85"
44,ETS A LA VERDURE,RB/ ABY/ 2013 A 2,"","ACHAT E VENTE DE PRODUITS ALIMENTAIRES,  TROPICAUX,  FORESTIERS,  BUVETTE,  QUINCAILLERIE,  COMMERCE GENRAL ET DIVERS.","BOHICON,   QUARTIER SACLO"
45,ETS A. ALEX ET FILS,"RBABY2013A260 DU19/07/13","","ACHAT ET VENTE DE PIECES DETACHEES AUTO-MOTOSHÔTEL , BAR -RESTAURANT,  BTP,  COMMERCE GENERAL ET DIVERS.","MAISON AHOYA LEMA DASSA- ZOUME TEL/ 97.62.09.66"
46,ETS A. YAN,"RBABY2013A374 DU25/11/13","","BTP EXPLOITATION DE CARRIERE, DIVERSES PRESTATIONS DESERVICES,  COMMERCE GENRAL ET DIVERS.","M/ KOTOKPERA , SACLO- ATCHOME,  BOHICON , TEL/ 97.21.44.77"
47,ETS A.D.A ET FLS,"RBABY2013A251 DU09/07/13","","BTP QUINCAILLERIE , PRESTATION DE SERVICES,  COMMERCE GENERAL ET DIVERS.","MS ADJAMONSI , KINGOU , SAVE, TEL/ 95.30.13.96"
48,ETS A.G.T.S ET FILS,"RBABY2013A198 DU24/05/13","","COMMERCE ACHAT ET VENTE DE PRODUITS FORESTIERS, VIVRIERS,  TROPICAUX,  SOBEBRA,  COMMERCE GENERAL ET DIVERS.","MAISON AGOUN,  AVANT LE MARCHE, SETTO , DJIDJA, TEL/ 97.71.63.24"
49,ETS A.V. HABTRIT DE DIEU ET FILS,"RBABY2013A362 DU04/11/13","","HôtellerieBAR RESTAURANT, SERVICE TRAITEUR,  GSM,  ACHAT ET VENTE DE FOURNITURES DE BUREAU ,  COMMERCE GENERAL ET DIVERS.","MAISON AWEKPON , SACLO,  BOHICON , TEL/ 97.88.29.50"
50,ETS ACJ- EMMANUEL,RB ABY 2013 A 90,"","MAQUIS , AUBERGE,  POISSONNERE,  CENTRE INFORMATIQUE COMMERCE GENERAL ET DIVERS .","AWOTLETLE, DJIDJA,  MS LASSOU"
51,ETS ACP SERVICES,RB ABY 2013 A 17,"","ACHAT ET VENTE DE MATERILS INFORMATIQUES C, OMMERCE GENERAL ET DIVERS.","BOHICON, AHOUAME- AHITO"
52,ETS ADAHA ET FILS,"RBABY2013M360 DU24/10/13","","BTP , ENTRANTS AGRICOLES , PRODUITS PHYTOSANITAIRES","MAISON TOSSOU , AYEDERO , GLAZOUE, TEL/  97.63.22.01"
53,ETS ADIHOTOGBE,"RBABY2013A207 DU28/05/13","","SERVICEHÔTELLERIE,  ACHAT ET VENTE DE PRODUITS AGRICOLES,  COMMERCE GENERAL ET DIVERS.","MAISON DAZOUNDO,  HONMEHO,  BOHICON ,TEL/ 95.96.02.89"
54,ETS ADIVIGNON,RB ABY 2013 A 111,"","ACHAT ET VENTE DE PRODUITS ALIMENTAIRES , BTP,  PRODUITS TROPICAUX,  COMMERCE GENERAL ET DIVERS.","GLAZOUE,  AKLAMPA , MS TOUGAN"
55,ETS ADJADJI ET FILS,RB ABY 2013 A 46,"","MECANIQUE- AUTO, VENTE DE PIECES DETACHEES, COMMERCE GENERAL ET DIVERS.","QTIER SEME , BOHICON,  MS ADJADJI"
56,ETS ADJIBOGOUN ET FILS,RB ABY 2013 A 85,"","BTP , ALIMENTATION GENERALE, LOCATION,  PRODUITS TROPICAUX,  FORESTIERS,  AGRICOLES,  TROPICAUX,  BUREAUTIQUE,  TRANBSPORT,  COMMERCE GENERAL ET DIVERS.","AYEDERO , DASSA- ZOUME,  MS ADJIBOGOUN"
57,ETS ADK AGBADOE ET FILS,RB ABY 2013 A 39,"","HÔTELLERIE,  QUINCAILLERIE,  MERCERIE,  BTP,  PRODUITS FORESTIERS,  TROPICAUX,  SOBEBRA,  ALIMENTATION GENERALE,  COMMERCE GENERAL ET DIVERS.","DASSA -ZOUME , DOME ( POUIGNAN)"
58,ETS ADO-LA PATIENCE,"RBABY2013A369 DU12/11/13","","ACHAT ET VENTE DE PORTABLES ET ACCESSOIRES , COMMERCE GENERAL E DIVERS.","M/SOSSOU , ATTANNONDOHO, OUESSE, TEL/ 97.86.49.17"
59,ETS AGALEX,"RBABY2013A 170DU 04/05/13","","INDUSTRIEBTP, materiaux de construction , transport,  prestation de services,  commerce général et divers.","ABOMEY , DJGBE, MS AGASSOUNON, Tél: 94.16.91.13"
60,ETS AGBEGODOU,RBSAVAL2013A08,"","ACHAT ET VENTE DE PRODUITS ALIMENTAIRES,  BOISSONS,  TROPICAUX,  FORESTIERS,  AGRICOLES,  COMMERCE GENERAL ET DIVERS.","ISSALE ( OTTALA) , SAVALOU ,  TEL/ 97.36.44.10"
61,ETS AGBEKPONOU ET FILS,"RBABY2013A262 DU25/07/13","","ACHAT ET VENTE DE PRODUITS FORSTIERS , DE PRODUITS ALIMENTAIRES ,  COMMERCE GENERAL ET DIVERS.","MS  AGBEKPONOU,  MANABOE , BOHICON, TEL/ 95.71.08.23"
62,ETS AGBEYIGAN,RB SAVALOU 2013 A 01,"","ACHAT ET VENTE DE PRODUITS TROPICAUX , AGRICOLES, ALIMENTATION GENERALE , COMMERCE GENERAL ET DIVERS.","SAVALOU ,  Quartier IGBERI (  OTTOLA)"
63,ETS AGBODO'S GROUP,RB ABY 2013 A  26,"","ACHAT ET VENTE DE PRODUITS FORESTIERS,  VIVRIERS,  TROPICAUX,  COMMERCE GENERAL ETDIVERS.","BOHICON,  MANABOE,  C/ SB MS AGBODOYODO"
64,ETS AGOALOF,RB ABY 2013 A 165,"","VENTE DE LUBRIFIANT , PRODUITS VIVRIERS,  FORESTIERS, ALIMENTAIRES, COMMERCE GENERAL ET DIVERS.","VEHOU , BOHICON,  MS AGON"
65,ETS AGUIARD ASSOGBA ET FILS,"RBABY2013A356 DU17/10/13","","BTPALIMENTAIRE GENERALE , HÔTELLERIE,   TRANSPORT,  PRODUITS TROPICAUX,  FORESTIERS,  BUREAUTIQUE,  COMMERCE GENERAL ET DIVERS.","MAISON AGUIARD, BELLE -VIE,  DASSA- ZOUME , TEL/ 94.24.22.84"
66,ETS AH- MINONKPO,RB ABY 2013 A 77,"","BTP,  FOURNITURES DE BUREAU,  COMMERCE GENERAL ET DIVERS.","QUARTIERS ASSANLIN,  ZAKPOTA,  MS ETEKA"
67,ETS AHOKOU T'KOU ET FILS,"RBABY2013A361 DU04/11/13","","ACHAT ET VENTE DE PRODUITS FORESTIERS , POISSONNERIE, BTP,  COMMERCE GENERAL ET DIVERS.","MAISON AHOKOU , ADAME (AVOGBANNAN) , BOHICON TEL/ 97.59.78.20"
68,ETS AHOUAA ET FILS,"RBABY2013A197 DU24/05/13","","INDUSTRIE BTP , ASSAINISSEMENT,  COMMERCE GENERAL ET DIVERS.","MAISON AGBEGBE DASSA ZOUME TEL/ 97.54.83.53"
69,ETS AÏHOUNKPE ET FILS,"RBABY2013A236 DU25/07/13","","VENTE DE MATERIELS ELECTRIQUES , COMMERCE GENERAL ET DIVERS , TRANSPORT , BUVETTE.","MS KOUMANOU,  ZOUNZONSA,  BOHICON,  TEL/ 95.28.25.56"
71,ETS AJJ ET FILS,RB ABY 2013 A 96,"","ACHAT ET VENTE DE PRODUITS AGRICOES , FORESTIERS, TROPICAUX,  ALIMENTAIRES , COMMERCE GENERAL ET DIVERS.","GANKON- PONSA , BOHICON,  MS ADIKPETO"
72,ETS AKAS ET FILS,"RBABY2013A279 DU23/08/13","","L'ETUDE , LAREALISATION DETOUS TRAVAUX DE TERRASSEMENT DE GENIE CIVIL ET DU BATIMENT,  COMMERCE GENERAL ET DIVERS.","MAISON HOUNGBEDJI NON LOIN DE L'EGLISE CATHOLIQUE , AFFECIA,  GLAZOUE,  TEL/ 64.13.84.40"
73,ETS AKITOLA ET FILS,"RBABY2013A179 DU08/05/13","","COMMERCE ACHAT ET VENTE DE PIECES DETACHEES,  PRODUITS TROPICAUX , COMMERCE GENERAL ET DIVERS.","QUARTIER DOKPA , MS DEHOUI,  ABOMEY,  TEL/ 95.68.99.03"
74,ETS AKJ ET FILS,RB ABY 2013 A 95,"","ACHAT ET VENTE DE  PRODUITS FORESTIERS , AGRICOLES,  TROPICAUX , COMMERCE GENERAL  ET DIVERS .","ZAKPO- ADAME- AHITO , BOHICON,  MS AGASSOUNON"
75,ETS AKL-OLOUWA FEMI,"RRBABY2013A29130/0813","","ACHAT ET VENTE DE PRODUITS FORESTIERS,  CONGELES,COMMERCE GENERAL , COSMETIQUES.","MAISON AZON, LISSEZOUN , BOHICON, TEL/95.80.15.13"
76,ETS ALLAHU LATIF,"RBSAVA2013A016DU10/09/13","","ACHAT ET VENTE DE PRODUITS FORESTIERS, TROPICAUX , AGRICOLES ,BTP COMMERCE GENNERAL ET DIVERS.","MAISON BELLO,UARTIER BASSON,  BANTE, TEL97.15.05.60"
77,"ETS ALODEGO ET PELAGIE ( A.H.P ET FILS )","RBABY2013A373 DU22/11/13","","PRODUITS ALIMENTAIRES,   AGRIOCLES , COSMETIQUES , TRANSPORT,  COMMERCE GENERAL ET DIVERS.","M/ HOUNDETON L, ISSEZOUN , BOHICON , TEL/ 95.42.91.21"
78,ETS ANGES ET FILS,"RBABY2013A296 DU05/09/13","","ACHAT ET VENTE DE PRODUITS COSMETIQUES,  FORESTERS,  AGRICOLES, MATERIELS INFORMATIQUES , TRANSPORT RESTAURANT , COMMERCE GENERAL ET DIVERS.","MAISON GANDAHO,  HEZONHO,  BOHICON"
79,ETS ANIMACHAUN,RB ABY 2013 A 86,"","BTP , PRODUITS TROPICAUX,  AGRICOLES,  COMMERCE GENERAL ET DIVERS,  COSMETIQUES,  BUREAUTIQUE , TRANSPORT.","AYEDERO , DASSA- ZOUME , MS OKELOLA"
80,ETS APPOLOS SERVICES,"RBABY2013A354 DU14/10/13","","VENTE DE PRODUITS FORESTIERS , AGRICOLES,  BTP , QUINCAILLERIE,  BUREAUTIQUE , COMMERCE GENERAL ETDIVERS.","MAISON MADJENOU DERRIERE CEG1 , AGBODJANNANGAN, ABOMEY,  TEL/ 97.90.13.96"
81,ETS APZ -SERVICES,RB ABY 2013 A 126,"","ACHAT ET VENTE DE PRODUITS  ALIMENTAIRES,  BUREAUTIQUES, COMMERCE GENERAL ET DIVERS.","AGNANGNAN, MS AKPANOU,   ABOMEY"
82,ETS ARAWO,"RBABY2013A243 DU 04/07/13","","ACHAT ET VENTE DE PRODUITS ALIMENTAIRES,  CONGELES FORESTIERS,  TROPICAUX , BTP,  COMMERCE GENERAL ET DIVERS","MAISON SEGLA  , ZAFFE, GLAZOUE, TEL/ 95.36.73.23"
83,ETS ASE SOND,RB ABY 2013 A 67,"","ACHAT ET VENTE DE PRODUITS FORESTIERS , VIVRIERS QUINCAILLERIE, BTP,  COMMERCE GENERAL ET DIVERS.","AGBADJAGON , BOHICON,  MS ADECHINA"
84,ETS ASEPH- DIEU MERCI,"RBABY2013A230DU20/06/13","","QUINCAILLERIE , COMMERCE GENERAL ET DIVERS.","MS AVOUZOUKAN , ZAKPO , BOHICON TEL/ 97.18.67.67"
85,ETS ASMAR ET FILS,RB ABY 2013 A 72,"","QUINCAILLRIE,  ALIMENTATION GENERALE,  COMMERCE GENERAL ET DIVERS.","ZAKPO , BOHICON , MS ASSOKOU"
86,ETS ATANA,RB/ABY/2013 A3,"","ACHAT ET VENTE DE PRODUITS ALIMENTAIRES , QUINCAILLERIE,  TRANSPORT ,PRESTATION DE SERVICES, COMMERCE GENRALNEET DIVERS.","ZOGBODOMEY,  AHITO"
87,ETS ATB-FORAGE,"RBABY2013A269 DU30/07/13","","FORAGEBTP , ADDUCTION D'EAU , ENTRETIEN DE CHÂTEAU,  QUINCAILLERIE,  PRESTATION DE SERVICES.","MAISON DETTIN,  ADAME- AHITO , BOHICON,  TEL/ 95.88.84.71"
89,ETS ATTEND POUR DIEU,RB  SAVAL 2013 A 02,"","ACHAT ET VENTE DE PTODUITS TROPICAUX , FORESTIERS,  AGRICOLES,  ALIMENTATION GENERALE,  GENERAL ET DIVERS.","SAVALOU,  IGBERI ( OTTOLA)"
90,ETS AU NOM DU PERE (A.N.P),RB ABY 2013 A 98,"","ACHAT ET VENTE DE PRODUITS FORSTIERS,  AGRICOLES TROPICAUX , COMMCE GENERAL ET DIVERS.","ZAKPO , BOHICON,  MS MONDOTE"
91,ETS AUBANO,"RBABY2013A233 DU25/06/13","","CAFETERIAT,  QUINCAILLERIE,  COMMERCE GENERAL ET DIVERS.","MAISON GNIMANVO ELISABETH,  ZAKPO,  BOHICON , TEL/ 95390590"
92,ETS AURORE,RB ABY 2013 A 31,"","DIVERSES PRESTATIONS DE SERVICES, PRESTATION EN GENIE CIVIL,  VENTE DE MATERIELS ET FOURNITURES DIVERSES, COMMCE GENERAL ET DIVERS","ABOMEY , HOUNTONDJI"
93,ETS AVE MARIA 3D,"RBABY2013A203 DU27/05/13","","COMMERCE ACHAT ET VENTE DE PRODUITS ALIMENTAIRES , COMMERCE GENERAL ET DIVERS.","MAISON ATTA ,  MARCHE OUESSE CENTRE , TEL/ 94.32.53.34"
94,ETS AVE-SK,"RBABY2013A229DU20/06/13","","BTP , COMMERCE GENERAL ET DIVERS.","AGBANWEME , MS KPOHAZOUNDE,  BOHICON,  TEL/ 95.85.12.91"
95,ETS AVF-KPADONOU ET FILS,"RBABY2013A192 DU23/05/13","","COMMERCEQUINCAILLERIE , VENTE D'HUILE A MOTEUR , GARAGE MECANIQUE,  COMMERCE GENERAL ET DIVERS.","MAISON AKPLOME,   GANKON- PONSA , BOHICON , TEL/ 95.86.24.04"
96,ETS AYAT - MAHUTIN,RB/ ABY/ 2013 A 7,"","ACHAT ET VENTE DE PIECES DETACHEES,   REALISATION DES CARTONS D'EMBALLAGES  INTRANTS AGRICOLES, COMMERCE GENERAL ET DIVERS.","ABOMEY, QUARTIER  HOUNLI"
97,ETS AZAPRO GROUP -BENIN,RB ABY 2013 A 149,"","SOUDURE, FORMATION,  CONSTRUCTION METALLIQUE,  COMMERCE GENERAL ET DIVERS.","KPAKPAME,  ZAKPO , MS AZANDOSSESSI"
98,ETS AZLO,"RBABY2013A343 DU08/10/13","","ACHAT ET VENTE DE PRODUITS TFORESTIERS AGRICOLES , TRANSPORT,  PRODUITS TROPICAUX,  PRESTATION DE SERVICES , COMMERCE GENERAL ET DIVERS.","MAISON AZON , HOUNDON , BOHICON TEL/ 97.78.27.27"
99,ETS AZOHOUENOU ET FILS,"RBABY2013A352 DU 14/10/13","","VENTEDE PRODUITS ALIMENTAIRES , BUVETTE,  RESTAURANT EXPLOITATION FORESTIERE , COMMERCE GENERAL ET DIVERS.","MAISON ZOWEDO , TINDJI,  ZAKPOTA,  TEL/ 9712.4283"
100,ETS BACHIROU,"RBABY2013A204 DU 28/05/20","","COMMERCEACHAT ET VENTE DE MATERIELS D'ELECTRICITE,  PRÊT A PORTER , COMMERCE GENERAL ET DIVERS.","MAISON HAROUNA BACHIROU , AFFECIA , GLAZOUE , TEL/ 97.03.61.81"
101,ETS BAFEZ,"RBABY2013A186 DU 14/05/13","","COMMERCEACHAT ET VENTEDE PIECE DETACHEES , DE PNEUS ET ACCESSOIRES AUTOMOBILES,  QUINCAILLERIE,  COMMERCE GENERAL ET DIVERS.","KPABAÏ,  MS BIAOU,  SAVE , TEL/ 95.57.66.75"
102,ETS BAGAN JESU KPEGO,"RBABY2013A218 DU05/06/13","","ACHAT ET VENTE DE PRODUITS ALIMENTAIRES ,COMMERCE GENERAL ET DIVERS.","ZAKPO , BOHICON , MS BAGAN , TEL/ 97.92.32.46"
103,ETS BAM,RB ABY 2013 A 47,"","ACHAT ET VENTE DE PORTABLES ET ACCESSOIRES DE TELEOMMUNICATION,  COMMERCE GENERAL ET DIVERS.","KPOCON , BOHICON"
104,ETS BAMICHE OLUWA,"RBABY2013A250 DU05/07/13","","BTP , ASSAINISEMENT , ALIMENTATION GENERALE,  COMMERCE GENERAL ET DIVERS.","MS OBOSSOU ,GOME , GLAZOUE,  TEL/ 97.047.50.12"
105,ETS BAYEDJE,RB A BY 2013 M 61,"","COMMERCE GENERAL, EXPLOITATION DE CABINES TELEPHONIQUES,  QUINCAILLERIE,  TRANSPORT.","ISSALOU , DASSA -ZOUME"
107,ETS BERAKA-PLUS,RB ABY 2013 A 120,"","ACHAT ET VENTE DE PIECES DETACHEES , EXPLOITATION FORESTIERE , COMMERCE GENERAL ET DIVERS.","AHITO,  BOHICON"
108,ETS BIENFAITS DE DIEU,"RBABY2013A286 DU28/08/13","","ACHAT ET PIECES DETACHEES PNEUS , JANTES, COMMERECE GENERAL ET DIVERS","MAISON YASSOU,  AVIGBANNA , BOHICON TEL/ 95.60.24.83"
109,ETS BK- LA FOI,RB BAY 2013 A 157,"","QUINCAILLERIE,  COMERCE GENERAL ET DIVERS.","BOHICON , QUARTIER ZOUNGO , MS KINKPONGLA"
110,ETS BOUSSARI ET FILS,RB/ ABY/ 2013 A 6,"","MECANIQUE GENERALE , TRANSPORT,  COMMERCE GENERAL ET DIVERS , BTP , PRODUITS ALIMENTAIRES , PRESTATIPN DE SERVICES.","BOHICON,  QUARTIER SEME"
111,ETS BRONZ-TP,"RBABY2013A364DU05/11/13","","BTP COMMERCE GENERAL ET DIVERS, PRESTATION DESERVICES.","MAISO HOUNDJO, HONMEHO,  BOHICON TEL/64.91.38.05"
112,ETS C. A. G ET FRERES,RB /ABY/ 2013 A1,"","ACHAT ET VENTE DE PRODUITS ALIMENTAIRES ET BOISSONS, TROPICAUX, AGRICOLES , FORESTIERS,  BTP,  COMMERC GENRAL ET DIVERS.","BANTE , QUARTIER  BASSON"
113,ETS CACHET D'AFRIQUE,"RBABY2013A184 DU 13/05/13","","ETUDE , CONTRÔLE ET SUIVI DES TRAVAUX EN BTP , CONSTRUCTION DE BÂTIMENTS, COMMERCE GENERAL ET DIVERS.","ZAKPO -ADAME -AHITO , MS DAKPAHOSSOU PASCAL,  BOHICON,  TEL/95.86.24.68"
114,ETS CAREDAS GROUP,RB ABY 201 A 128,"","PRODUITS ALIMENTAIRES,   TRANSPORT,  COMMERCE GENERAL ET DIVERS.","SAVE , SAVE -NOUVEAU, MS ADEOTI"
115,ETS CARLEX,RR ABY 2013 M 70,"","BTP , PRESTATION DE SERVICES,  COMMERCE GENERAL ET DIVERS.","KPOCON , BOHICON,  MS BOURAIMA"
116,ETS CEGEB- SEVICES,"RBABY2013A327 DU27/09/13","","TRAVAUX D'ENTRETIEN DE MENAGES , DE BUREAUX , ENTRETIEN BATIMENTS,  MAINTENANCE, BTP , COMMERCEGENERAL ET DIVERS.","MAISON ADOTANOU,  GNIDJAZOUN ,  BOHICON , TEL/ 97.11.73.74"
117,"ETS CENTRAL D'ACHAT DES COLLINES","RBABY2013A367DU06/11/13","","VENTE DE PRODUITS COSMETIQUESCOMMERCE GENERAL ET DIVERS.","ZAKPO,  BOHICON ,TEL/ 96.13.21.35"
118,ETS CETMA  BTP,RB ABY 2013 A 30,"","BTP , AMENAGEMENT , PRESTATION DESERVICES , COMMERCE GENERAL ET DIVERS.","ABOMEY,  GBECON -HOUEGBO"
119,ETS CGF,"RBABY2013A211 DU30/05/13","","COMMERCEACHAT ET VENTE DE MATERIELS  INFORMATOQUES , BUREAUTIQUE , BTP,  ENTRETIEN DES  ESPACES VERTS ,  COMMERCE GENERAL ET DIVERS.","SOGBA , BOHICON , MAISON GNANGUENON,  TEL/ 97.18.85.07"
120,ETS CHAFIA,RB ABY 2013 A 79,"","ACHAT ET VENTE DE  PRODUITS FORESTIERS, VIVRIERS,  ALIMENTATION GENERALE,  COMMERCE GENERAL ET DIVERS.","ADANDOKPODJI , ABOMEY ,  MS DONOUVOSSI"
121,ETS CHEZ KEMI,RB ABY 2013 A 93,"","ACHAT ET VENTE DE PRODUITS , COSMETIQUES,  POISSONNERIE,  COMMERCE GENERAL ET DIVERS.","KPATALOKOLI , BOHICON,  MS BOKO"
122,ETS CHIGNON,"RBAY2013A205 DU28/05/13","","COMMERCE VENTE DE PRODUITS ALIMENTAIRES , DE MOTOS,  COMMERCE GENERAL ET DIVERS.","MAISON CHIGNON , OUESSE -CENTRE,  OUESSE,  TEL/ 95.87.14.15"
123,ETS CHRIST - MAHU - NA,RB ABY 2013  A 49,"","ACHAT ET VENTE DE MATERIELS INFORMATIUES,  TRANSPORT COMMERCE GENERAL ET DIVERS.","AGBANGNIZOUN,  qtier Agbangnizoun"
124,ETS CHRITAR SERVICES,RB ABY 2013 A 25,"","ACHAT ET VENTE DE MATERIELS INFORMATIQUES , BUREAUTIQUE,  COMMERCE GENERAL ET DIVERS.","BOHICON,  QUATER SEME"
125,ETS CIGSTORE- ENTREPRISE,RB ABY 2013 A 114,"","MATERIELS INFFORMATIQUES , BUREAUTIQUE,  COMMERCE GENERAL ET DIVERS.","COVE, ZOGBODJI , MS ODJONON"
127,ETS CO.RA.OD ET FILS,RB ABY 2013 A 166,"","TRANSPORT DE MARCHANDISES , ACHAT ET VENTE DE PRODUITS FORESTIERS , VIVRIERS , ALIMENTAIRES , COMMERCE GENERAL ET DIVERS.","Azalougon,  BOHICON"
128,ETS COBEPIC- BTP,"RBABY2013A330 DU01/10/13","","ASAINISSEMENT,  QUINCILLERIE , COMMERCE GENERAL ET DIVERS.","MAISON ASSOGBA , LAKOKO,  OUESSE,  TEL/ 95.24.64.21"
129,ETS COGEC,"RBABY2013A225 DU14/06/13","","ACHAT ET VENTEDE PRODUITS ALIMENTAIRES , COMMERCE GENERAL ET DIVERS.","ZAKPO,  MS KAHOUNDE,  BP 2235 ABOMEY ,BOHICON,  TEL/ 95.28.23.69"
130,ETS COLLINS MAN,"RBBY2013A313 DU07/09/13","","ACHAT ET VENTE DE PIECES DETACHEES , DE PNEUX,  DE PRET- A - PORTER , APPAREILS ELECTROMENAGERS COMMERCE GENERAL ET DIVERS.","QUARTIER DEPÔT B , SAVE,  TEL/ 64.02.79.66"
131,ETS CONSULB BUSINESS CENTER,"RBABY2013A326DU13/09/13","","MAINTENNCE DE MATERIELS INFORMATOQIUE.FOURNITURES DE BUREAU,  BTP , COMMERCE GENERAL ET DIVERS","QUARTIER DEPÔT B , SAVE ,  TEL/ 22.55.0045"
132,ETS COSMOS ET FILS,"RBABY2013A178 DU 08/05/13","","COMMERCEACHAT ET VENTE DE PORTABLES ET ACCESSOIRES,  ALIMENTATION GENERALE, COMMERCE GENERAL ET DIVERS","KPEDEKPO (KILIBO),  OUESSE , MS HOUEVENON , TEL/ 94.13.70.7"
133,ETS CRESPIN,"RBABY2013A285 DU28/08/13","","HOTELLERIE TRANSPORT , BUREATIQUE, PRESTATION DE SERVICES","ILOT 166,  GOHO 2,  MAISON FINHA , ABOMEY"
134,ETS CYMAR GRACE PLUS,RB ABY 2013 A 22,"","ACHAT ET VENTE DE PRODUITS ALIMETAIRES,  COMMERCE GENERAL ET DIVERS.","66 SAVE , QUARTIER KPABAÏ"
135,ETS D'ABORD LE COMPORTEMENT,RB ABY 2013 A 138,"","BTP , COMMERCE GENERAL ET DIVERS.","CANA -AGOUNA , ZOGBODOMEY"
136,"ETS DAGA GROUP SERVICES  (D.G.S)",RB ABY 2013 A 27,"","GENIE CIVIL, PLOMBERIE,  BUREAUTIQUE,  COMMERCE GENERAL ET DIVERS.","BOHICON,  ZOUNZONSA"
137,ETS DAMI-FAMI,RB ABY 2013 A 35,"","DIVERSES PRESTATIONS DE SERVICES,  RESTAURATION , ETUDE , CONTROLE,  BTP,  PRESSING , COMMERCE GENERAL ET DIVERS.","ABOMEY,  HOUNLI,  MAISON TOBOSSI"
138,ETS DAMYCK ET FILS,RB/ ABY/ 2013 A4,"","BTP , QUINCAILLERIE,  MAINTENANCE INFORMATIQUE,  COMMERCE GENERAL ET DIVERS.","ZAKPO , BOHICON"
139,ETS DAYOVO,RB ABY 2013 A 119,"","TOUTES  ACTIVITES LIEES  AUX  BTP, COMMERCE GENERAL ET DIVERS.","KPEKOUTE,  DASSA -ZOUME."
140,ETS DEMARIS L'OEIL DE DIEU,RB ABY 2013 A 10,"","BTP , TPOGRAPHIE,  QUINCAILLERIE,  COMMERCE GENERAL ET DIVERS.","AYEDERO,  GLAZOUE"
141,ETS DEVIC- AMOUR,RB ABY 2013 A 29,"","ACHAT ET VENTE DE PRODUITS FORESTIERS,  VIVRIERS , TROPICAUX , QUINCAILLERIE, COMMERCE GENERAL ET DIVERS.","BOHICON , AGBADJAGON"
142,ETS DHELDYS,RB ABY 2013 A 23,"","ACHAT ET VENTE DE D'EAU MINERALE,  ELEVAGE,  PEINTURE,  DIVERSES PRESTATIONS DE SERVICES?  COMMERCE GENERAL ET DIVERS.",ABOMEY ? QUARTIER TOHIZANLI
143,ETS DIEU INSONDABLE,"RBABY2013A 171DU 04/05/13","","COMMERCEACHAT ET VENE DE MATERIAUX DE CONSTRUCTION , QUINCAILLERIE , COMMERCE GENERAL ET DIVERS.","OUESSE,  IDOCHE , MS MONSIA, TEL/ 64.30.45.17"
144,ETS DIEU LE FILS,"RBABY2013A372 DU22/11/13","","ACHAT ET VENTE DE PRODUITS ALIMENTAIRES,  TRANSPORT COMMERCE GENERAL ET DIVERS","M/AMOUSSOU,  AHOUAME - AHITO,  BOHICON , TEL/ 66.06.07.38"
146,ETS DJC ET FILS,RB ABY 2013 A 118,"","DIVERSES PRESTATIONS DE SERVICES COMMCERCE GENERAL ET DIVERS.","BOHICON , SEME"
147,ETS DJEHOUE ET FILS,"RB ABY2013A206DU28/05/13","","COMMERCEQUINCAILLERIE,  TRANSPORT,  BTP COMMERCE GENRAL ET DIVERS.","MAISON ALLADAKAN,  ZOUNGOUDO,  BOHICON,  TEL/ 95.01.97.91"
148,ETS DJIBO  ADAM ET FILS,"RBABY2013A201 DU24/05/13","","COMMERCE APPAPEILS ELECTROMENAGERS, COMMERCE GENERAL ET DIVERS.","MAISON DJIBO,  AGONVEZOUN,  BOHICON , TEL/ 95.81.83.57"
149,ETS DJIMAR ET FILS,"RBABY2013A302DU05/09/13","","ACHAT ET VENTE  DE PRODUITS FORESTIERS,  CAFETERIAT, TRANSPORT , BTP,  LOCATIONS DIVERSES .","MAISON DJIDAGBO QUARTIER ADAGAME, BOHICON, TEL/ 97.50.55.33"
150,ETS DJISSONON ET FILS,"RBABY1994A1215 DU02/02/94","","ACHAT ET VENTEDE PRODUITS FORESTIERS,VIVRIERS , CEREALES , BTP , TRANSPORT,  LUBRIFIANT,  GAZ OIL,  COMMERCE GENERAL ET DIVERS","M/ DJISSONON,  ADAME- AHITO, BOHICON , TEL/ 97.85.45.23"
151,ETS DJIVEDE SERVICES,"RBABY2013A196 DU23/05/13","","INDUSTRIE BTP , QUINCAILLERIE,  PRESTATION DE SERVICES,  COMMERCE GENERAL.","MAISON DAGNITCHE , HONMEHO , BOHICON,  TEL/ 96.17.60.80"
152,ETS DON - JOE- OGBONNA,"RBABY2013A340 DU02/09/13","","ACHAT ET VENTE DE PIECES DETACHEES , MATERIELS ELECTRIQUES,  MATERIELS ELECTROMENAGERS, COMMERCE GENERAL ET DIVERS.","MAISON AVADJI,  BELLE VIE , DASSA -ZOUME, TEL/ 97.36.02.80"
153,ETS DON DE JESUS,"RBABY2013A370 DU19/11/13","","BTP , DIVERSES PRESTATIONS  SERVICES,  COMMERCE GENERAL","M/ HOUNDONOU,  SEME,  BOHICON , TEL/ 95.59.29.70"
154,"ETS ECHELLE DE BETHEL (PORTE DES CIEUX)",RB ABY 2013 A 62,"","ACHAT ET VENTE DES PRODUITS TROPICAUX , FORESTIES,  AGRICOLES,  COMMERCE GENERAL ET DIVERS.","ABOMEY , QTEIR DOTA , MAISON ODA"
155,ETS EDJENI AN'WA,"RBSAVAL2013A018DU19/09/13","","ETUDE  ET REALISATION EN BTP , PRODUITS TROPCAUX FORESTIERS, BUVETTE, RESTAURATION, COMMERCE GENERAL ET DIVERS","MAISON CATCHOUN, MAYAMON , SAVALOU , TEL/ 97.74.94.48"
156,ETS EFFICIENCE BTP,RB ABY 2013 A 92,"","BTP,  ALIMENTATION GENERALE,  BUVETTE,  RESTAURANT, PRESTATION   DE SERVUCES, COMMERCE GENEL ET DIVERS.","KPOCON,  BP 1352 BOHICON"
157,ETS EKWUEZE AND SONS,"RBABY2013A308 DU06/09/13","","ACHAT ET VENTE DE PICES DETACHEES  PÊT - A - PORTER, COMMERCE GENERAL ET DIVERs","MAISON HOUNCHEGNON, AHOSSEDO,  SAVALOU , TEL/ 66.21.48.30"
158,ETS ELAÏDOR,"RBABY2013A338 DU02/10/13","","MATERIELS INFORMATIQUES , BUREAUTIQUES ,COMMERCE GENERAL ET DIVERS.","MAISON DAVAKAN,  ADAME- AHITO,  BOHICON , TEL/ 97.05.26.69"
159,ETS ELEBEDI,"RBABY2013A 292DU30/08/13","","ACHAT ET VENTE DE PRODUITS ALIMENTAIRES BTP,  FERRAILLE , PRESTATION DE SERVICES,  COMMERCE GENERAL ET DIVERS.","MAISON CHAFFA , AGOH ( KILIBO),  OUESSE, TEL/66.17.10.38"
160,ETS ELEVATION,RB ABY 2013 A 43,"","ACHAT ET VENTE DE MATERIELS INFORMATIQUES ET BUREAUTIQUES ,  PRESTATION DE SERVICES, COMMERCE GENERAL ET DIVERS.","MS DAVAKAN,  QTIER HÊZONHO , BOHICON"
161,ETS ELISA -KAY,"RBABY2013A 183DU13/05/13","","INDUSTRIETOUTES ACTIVITES LIEES AUX BTP,  TRADUCTION , TOURISME,  BUREAUTIQUE , COMMERCE GENERAL ET DIVERS.","HOUNLI , MS ADJAVON,  ABOMEY,  TEL/ 95.05.07.54"
163,ETS EMMA- GOD,RB ABY 2013 A 158,"","MATERIELS ELECTRONIQUES,   COMMERCE GENERAL ET DIVERS.","ZAFFE- ZOUNGO,  SAVALOU"
164,ETS EPHPHATHA,RB ABY 2013 A 122,"","BTP,  ASSAINISSEMENT,  PRODUITS TROPICAUX , FORESTIERS, COMMERCE GENERAL ET DIVERS.","VEDJI , DASSA ZOUME"
165,ETS EPIPHANIE DE DIEU SERVICE,RB ABY 2013 A 9,"","DIVERSES PRESTATIONS DE SERVICES , BTP, INFORMATIQUES,   COMMERCE GENERL ET DIVERS.","GBECON- HOUEGBO,  ABOMEY"
166,ETS ESOP- DJIDJA,"RBABY2013A235 DU 25/06/13","","ACHAT ET VENTE DE PRODUITS AGRICOLES,  FORESTIERS,TRANSPORT, COMMERCE GENERAL ET DIVERS.","MAISON LISSA,  HOUNVI,  DJIDJA, TEL/ 95.54.76.37"
167,ETS ETIKEM,"RBABY2013A323DU12/09/13","","BTP , QUINCAILLERIE,  PRODUITS FORESTIERS , AGRICOLES , BUREAUTIQUES, COMMERCE GENERAL ET DIVERS","MAISON KPONDJOU, KPOTA,  AGBANGNIZOUN , TEL/ 97.58.42.73"
168,ETS ETOUÏ,"RBABY2013A252 DU10/07/13","","ACHAT ET VENTE DE PRODUITS ALIMENTAIRES, COMMERCE GENERAL DIVERS ,TRANSPORT, QUINCAILLERIE , PRESTATION DE SERVICES.","MS FADONOUGBO,   AHITO , BOHICON,  TEL/ 97.74.82.97"
169,ETS EZEMA FRANCO,"RBABY2013A305 DU06/09/13","","Achat et vente de pièces détachées , matériels électroniques et électroménagers , commerce général et divers.","ADJADJI ( PIRA ) , BANTE , TEL/ 67.17.73.79"
170,ETS FAP DES PRINCES,"RBABY2013 A 169DU04/05/13","","COMMERCE : ACHAT ET VENTED PRODUITS ALIMENTAIRES ET DES BOISSONS , FOURNITURESDE BUREAU,  COMMERCE GENERAL ET DIVERS.","HOUNTONDJI , ABOMEY  , MS CODJIA , PRÊT ECOLE EPP, TEL/ 96.75.23.39"
171,ETS FASAB,RB ABY 2013  A156,"","ACHAT ET VENTE DE PRODUITS FORESTIERS,  VIVRIERS,  BUVETTE , RESTAURANT, COMMERE GENERAL ET DIVERS.",ZOUNGOUDO BOHICON
172,ETS FERMOLA ET FILS,"RBABY2013A324DU12/09/13","","SOUDURE AJUSTAGE , BUREAUTIQUE ,TRANSPORT , PRODUITS FORESTIERS,  COMMERCE GENERAL ET DIVERS.","MAISON DOSSOU , LAMINOU,  OUESSE,TEL/95.84.55.54"
173,"ETS FIDELITE GRACE SINCERITE ( FIGRAS)","RBABY2013A349DU14/10/2013","","COMMERCE GENERAL ET DIVERS BTP,  VENTE DE MARCHANDISES ,  TRANSPORT,  VENTE DE PRODUITS  FORESTIERS.","MAISON DJOGBE , HOUNDONHO , BOHICON , TEL/95.23.03.61"
174,ETS FILAKO,RB ABY 2013 A 134,"","BTP,  COMMERCE GENERAL ET DIVERS","Gbècon -Houégbo ,  ABOMEY,  MS KPAKPA"
175,ETS FORCE DE L'ETERNEL,RB ABY 2013 A 130,"","ACHAT ET VENTE  DE PIECES DETACHEES,  COMMECE GENERAL ET DIVERS.","OUESSE -CENTRE,  OUESSE , MS CHABI"
176,ETS FRATERNITE INFORMATIQUE,"RBABY2013A350DU14/10/13","","MAINTENANCE DE MATERIELS ET D' EQUIPEMENT INFORMATIQUE,  FORMATION, COMMERCE  GEBNERAL ET DIVERS,","MAISON GBEYETIN , HEZONHO,  BOHICON,  TEL/ 95.56.05"
177,"ETS FUNERARIUM ADP/ 22, 37 -40",RB ABY 2013 A 164,"","Diverses prestations de services, Pompes funèbres, commerce général et divers.","ZOGBA , COVE"
178,ETS G- INEXIA,RB ABY 2013 A 68,"","LA CONEPTION , L'ETUDE ET LA REALISATION DE TOUS TRAVAUX PUBLICS, INGENIERIE DES INFRASTRUCTURES DE BTP.","GANKON -PONSA , 02  BP 295 BOHICON"
179,ETS G.M.T GROUP,"RBABY2013A246 DU 06/07/13","","BTPMintrnance informatique , commerce general et divers.","MS SACRAMENTO ,  AHOUAME,  BOHICON TEL/ 97.71.69.62"
180,ETS G.S. BPKODE ET FILS,RB ABY 2013 A 44,"","ACHAT ET VENTE DE PRODUITS FORESTIERS,  AGRICOLESTROPICAUX , COMMERCE GENERAL ET DIVERS.","KANSOE , GLAZOUE,  MS BOKODE"
181,ETS G.S.J.A GRACE DIVINE,"RBABY2013A 173DU 06/05/13","","INDUSTRIEBOULANGERIE , ALIMENTATION GENERALE , QUINCAILLERIE.","ADANDOKPODJI , ABOMEY,  MS GODJO, TEL/ 95.81.04.55"
182,ETS GAMETOP,RBSAVAL2013A020DU27/09/13,"ACHAT ET VENTE DES PRODUITS TROPICAUX , FORESTIERS,  AGRICOLES,  BUREAUTIQUES,  BTP,  COMMERCE GENERAL ET DIVERS.","TEL/ 97.31.79.39MAISON GBAGUIDI , AHOSSEDO, SAVALOU,  PP"
183,ETS GASTRO PROMO,RBABY2013A280 DU23/08/13,"BOULANGERIEALIMENTATION GENERALE,  COMMERCE GENERAL ET DIVERS.","MAISON MEDAGBE , AGBODJANNAGAN , ABOMEY , TEL/ 95.81.98.54PP"
184,ETS GBENAHOU ET FILS,RBABY2013A345 DU08/10/13,"QUINCAILLERIE , BTP , PRODUITS CONGELES,  PRESTATION DE SERVICES , COMMERCE GENERRAL ET DIVERS.","MAISON ALLADAYE,  KPATALOKOLI,  BOHICON , TEL/ 97.87.07.72PP"
185,ETS GBETONOU,RBABY2013A299DU05/09/13,"ACHAT ET VENTE DE PRODUITS ALIMENTAIRES CONGELES , CENTRE DE PHOTOCOPIES , TRANSPORT , COMMERCE GENERAL ET DIVERS.","KPOTA TEL/ 95.30.38.95DOMAINE MIRIE, QUARTIER  ZA-KPOTA,  ZA- PP"
"","","","TRANSPORT,  ACHAT ET VENTE DE PRODUITS TROPICAUX, ",""
186,ETS GBEWEVEHOU,RB ABY 2013 A 41,"FORESTIERS,  AGRICOLES,  COMMERCE GENERAL ET ","ZAKPO, BOHICON,  MS AHOUIGNAN PP"
"","","",DIVERS.,""
187,ETS GENIE BUSINESS PARTER (GEBUPA),RBABY2013A332 DU20/10/13,"BTP GENIE CIVIL,  ETUDE,  PRODUITS AGRICOLES,  TROPICAUX , TRANSPORT , COMMERCE GENERAL ET DIVERS.","96.87.30.23MAISON GNAHOUI,  TODO , COVE , TEL/ PP"
188,ETS GENIE CONTINENTAL ( G-C),RB ABY 2013 A 63,"ACHAT ET VENTE DE PRODUITS FORESTIERS, VIVRIERS , BTP,  COMMERCE GENERAL ET DIVERS."," 02 BP 539 ABOMEY,  AGNANGNAN , MAISON : BEDE KPAZOU PP"
"","","","CONSULTATION,  FORMATION ",""
189,ETS GIFODL-EPERTISE,RBABY2013A290,"DIVERSES PRESTATIONS DE SERVICES, FOURNITURES DE ","MAISON OKRY , HEZONHO,  BOHICON , "
"","","",BUREAU.,TEL/97.33.46.42PP
"","","","DIVERSES PRESTATIONS DE SERVICES , BUREAUTIQUE,  ",""
190,ETS GIPPCO BENIN,RB ABY 2013 A 33,"ACHAT ET VENTE DE MATERIELS INFORMATIQUES,  ","ABOMEY,  GBECON -HOUNLI , MS PP"
"","","",COMMERCE GENERAL ET DIVERS.,HOUINATO
"","","","QUINCAILLERIE,  TRANSFORMATION DES PRODUITS ",""
191,ETS GLOIRE A VENIR,RB ABY 2013 A 97,"AGRICOLES,  PIECES DETACHEERS , COMMERCE ","LEGO,  ABOMEY , MS GODAN PP"
"","","",GEBNERAL ETDIVERS.,""
"","","","QUINCAILLERIE , BTP , ACHAT ET VENTE DE PRODUITS ",""
192,ETS GM- SETONME ET FILS,RB ABY 2013 A 78,"AGRICOLES, FORESTIERS ,  COMMERCE GENERAL ET ","GBECON -HOUNLI , ABOMEY , MS PP"
"","","",DIVERS.,HOUEHOU
"","","","ACHAT ET VENTE DE FOURNITURES DE BUREAU,  ",""
193,ETS GNIHAN ETFILS,RBABY2013A281 DU23/08/13,"PAPETERIE,  PRODUITS FORESTIERS,  AGRICOLES,  VIVRIERS,  QUINCAILLERIE,  COMMERCE GENERAL ET ","MAISON HLOUEDJO , QUARTIER VOLI,  COVE, TEL: 95.44.54.55 PP"
"","","",DIVERS.,""
194,ETS GOD IS THE KING,RBABY2013A371 DU20/11/13,"ACHAT ET VENTE DE PRODUITS FORESTIERS ,  VIVRIERS, TROPICAUX,  COMMERCE GENERAL ET DIVERS.","M/ ADJAHOSSOU,  ADANDOKPODJI , ABOMEY , TEL/ 97.36.66.02 PP"
"","","",COMMERCE,""
195,ETS GOOD LUCK,RBABY2013A 190DU 16/05/13,"ACHAT ET VENTEDE MATERIAUX DE CONSTRUCTION, DE PRODUITS ,  FORESTIERS , VIVRIERS, LUBRIFIANT, ","AGBANWEME,  MS BOGNON,  BOHICON, TEL/ 97.42.43.56 PP"
"","","",COMMERCE GENERAL ET DIVERS.,""
196,ETS GRANITE DES COLLINES DU CENTRE ( GCC),RB ABY 2013 A 11,"BTP, ALIMENTATION GENERALE , PRESTATION DE SERVICES ,COMMERCE GENERAL ET DIVERS.","DASSA - ZOUME,  AGBEGBE PP"
197,ETS GRATITUDE KPETCHEHOUE,RBABY2013A325 DU12/09/13,"ACHAT ET VENTE DE PRODUITS FORESTIERS , TROPICAUX,  BTP,  ALIMENTATION GENERALE,  COMMERCE GENERAL ET DIVERS.","MAISON ABODE - SEGOUN , ADANHONDJIGON,  AGBANGNIZOUN TEL/ PP95.05.50.70"
198,ETS GROUPE DJIMSON,RB ABY 2013 A 75,"BTP, GENIE CIVIL , QUINCAILLERIE,  FOURNITURES DE BUREAU , COMMERCE GENERAL ET DIVERS.","HONMEHO,  BOHICON, MS DJIMAN PP"
199,ETS GUIGAL,RB ABY 2013 A 74,"","ACHAT ET VENTE DE PRODUITS FORESTIERS, AGRICOLES,VIVRIERS,  COMMERCE GENERAL ET DIVERS.","DOGUEME- GOLY,  ABOMEY"
200,ETS H.H.VIGOS ET FILS,RB ABY 2013 A 101,"","MECANIQUE -AUTOMOBILE,  ACHAT ET VENTE DE PIECES DETACHEES,  DES HUILES A MOTEUR,  PRODUITS FORESTIERS, BAR -RESTAURANT,  AGRICOLES,  TRANSPORT , BTP, COMMERCE GENERAL ET DIVERS.","HOUNTONDJI,  ABOMEY,  MS HONHONOU"
201,ETS H.M.O,"RBABY2013A283 DU27/08/13","","L'ETUDE ET LA REALISATION DE TOUS  TRAVAUX DE TERRASSEMENT, DE GENIE CIVIL , COMMERCE GENERAL ET DIVERS.","MAISON MIVEDE , AGBODJANNAGAN,  ABOMEY TEL/ 95.69.74.85"
202,ETS HAMA ET FILS,"TBABY2013A318 DU10/09/13","","ACHAT ET VENTE MATERIELS ELECTRIQUES,  ELECTRONIQUES,  PIECES DETACHEES,  COMMERCE GENERAL ET DIVERS.","MAISON YACOUBA, ZONGO,  DASSA- ZOUME , TEL/ 97.54..84.78"
203,ETS HAPPY BABY,"RBABY2013A297 DU05/09/13","","ACHAT ET VENTE DE PRODUITS COSMETIQUES LAYETTES , PRÊT- A- PORTER,  MAROQUINERIE,  COMMERCE GENERAL ET DIVERS.","AYEDERO , GLAZOUE TEL/ 95.35.82.21"
204,"ETS HARCULES BUSINESS COMPANY","RBABY2013A315 DU07/09/13","","AGRO-TECHNOLOGIES , DIVERSES PRESTATIONS DE SERVICES,  COMMERCE GENERAL E DIVERS.","MAISON ADJAKIDJE,  AGNANGNAN,  ABOMEY,  TEL/ 95.56.96.45"
205,ETS HASVI- ADS,RB ABY 2013 A 155,"","BTP,  ENTRETIEN DES ESPACES,  COMMERCE GENERAL ET DIVERS.","GOHO , ABOMEY , MS HOUESSOU"
206,ETS HENRI NONVIGNON ET FILS,"RBABY2013A257 DU15/07/13","","ACHAT ET VENTE DE PRODUITS ALIMENTAIRES , BUVETTE , COMMERCE GENERAL ET DIVERS","MS KPOÏZOUN, BOCODE (GBANLINHANSE),  GLAZOUE,  TEL/ 95.36.74.52"
207,"ETS HIGH BULDINGS OF AFRICA AND THE WORD -MRP ( HBAW-MRP)","RBABY2013A336 DU02/10/13","","BTPETUDE,  CONTRÔLE ET SUIVI,  FORMATIONEN BTP,  COMMERCE GENERAL ET DIVERS.","MAISON GODJO, HONMEHO,  BOHICON, TEL/ 97.85.83.29"
208,"ETS HÔEL RESIDENCE ELYKIA ESPOIR","RBABY2013A217 DU05/06/13","","HÔTELLERIE, COMMERCE GENERAL ET DIVERS.","YENANVA , MS SOSSOU,  COVE,  TEL/ 96.63.60.52"
209,ETS HOSSANA PAST,"RBABY2013A310 DU 06/09/13","","ACHAT ET VENTE DE PIECES DETACHEES,  PNEUX,  ELECTRONIQUES.","MAISON ALLIA ,HOUETO,  SAVALOU , TEL/ 96.97.53.83"
210,ETS HOUEDEDJAN-K,"RBABY2013A231DU20/06/13","","ACHAT ET VENTE DE FOURNITURES DE BUREAU  , BURAUTIQUE BUVETTE , RESTAURANT , COMMERCE GENERAL ET DIVERS.","JERUSALEM , MS HOUEDEDJAN,  SAVE,  TEL/ 97.47.86.01"
211,ETS HOUGER,RB ABY 2013 A 14,"","QUINCAILLERIE,  DIVERSES PRESTATIONS DE SERVICES,  COMMERCE GENERAL ET DIVERS.","BOHICON , QUARIUIER SEME"
212,ETS HOUNGBEGNON ET FILS,"RBABY2013A220 DU 11/06/13","","ACHAT ET VENTE DE PIECES DETACHEES,  QUINCAILLERIECOMMERCE GENERAL ET DIVERS.","MS BOKO,  ASSANTE , GLAZOUE,  TEL/ 95.18.94.76"
213,ETS HOUNKPO - SINKPO,"RBABY2013M304 DU05/09/13","","TRANSPORT ROUTTIERBTP, COMMERCE GENEARL ET DIVERS.","AGBANWEME,  ZA-KPOTA, TEL/97.15.55.35"
214,ETS HOUNSONLON ET FILS,RRB ABY 2013 A 106,"","ACHAT ET VENTE DE PRODUITS CONGELES, CHAMBRE FROIDE , CONSERVATION ARTISANALE , VENTE DES ARTICLES  MOR TUAIRES, COMMERCE GENERAL ET DIVERS.","AVOGBANA , BOHICON"
215,"ETS IBADJE ONION KO DATCHA OLUWA DORO",RB ABY 2013 A 36,"","ACHAT ET VENTE DE PRODUITS FORESTIERS , , AGRICOLES, TROPICAUX, ALIMENTAIRES,  COMMCERCE GENERAL ET DIVERS.","BOHICON , ZAKPO- ADAGAME , MS DONADJE"
217,ETS ILE- H2O,RB SAVALOU 2013 A 05,"","BTP , PRESTATION DE SERVICES, COMMERCE GENERAL,  PRODUITS TROPICAUX ,  FORESTIERS,   AGRICOLES.",KPATABA (LOZIN) SAVALOU
218,ETS IMALE,"RBABY2013A317 DU10/09/13","","BTP BUREAUTIQUE,  QUINCAILLEIE , TRANSPORT , COMMERCE GENERAL ET DIVERS.","MAISON OGOUNGBE, AGBEGBE,  DASSA- ZOUME TEL/95.17.78.00"
219,ETS IMPRINEB ADS,"RBABY2013M188 DU06/01/11","","COMMERCEQUINCILLERIE,  PIECES DETACHEES AUTIOS- MOTOS,  BURAUTIQUES , COMMERCE GENERAL ET DIVERS.","COVE , QUARTIER  BEME, MS SOMASSE,  BP 09 ZAGNANADO  TEL/95.52.74.48"
220,ETS INFOCNETRE EURÊKA,RB ABY 2013 A 159,"","FORMATION EN INFORMATIQUE, PRESTATION DE SERVICES,  COMMERCE GENERAL ET DIVERS.","COVE,  DOME , MS DJENONTIN"
221,ETS JAASI- DIEU BENIT,RB ABY 2013 A 87,"","ACHAT ET VENTE DE PRODUITS ALIMENTAIRES,  COMMERCE GENERAL ET DIVERS,  POISSONNERIE,  DIVERSES PRESTATIONS DE SERVICES .","AHITO, BOHICON,  MS DAHISSIHO"
222,ETS JAKOSE,RB ABY 2013 A 73,"","ALIMENTATION GENERALE,  PRODUITS FORESTIERS , AGRICOLES, COMMERCE GENERAL ET DIVERS.","KPOCON , BOHICON , MS BALLO"
223,ETS JARDIN DE BASILIA,RB ABY 2013  A 100,"","RESTAURATUION , SERVICE TRAITEUR,  COMMERCE GENERAL ET DIVERS","SEHOUEHO,  BOHICON , MS MINONKPINZON"
224,"ETS JEANNE - HENRIETTE"" LES JUMELLES""","RBABY2013A346 DU08/10/13","","RESTAURATION SERVICE TRAITEUR,  PRODUITS FORESTIERS,  AGRICOLESTROPICAUX , COMMERCE GENERAL ET DIVERS.","MAISON  ZOUNGAN , HEZONHO , BOHICON"
225,ETS JEHOVA JIRE ANTOU,"RBABY2013A312 DU07/09/13","","BTP BUREAUTIQUE,  PRODUITS TROPICAUX,  FORESTIERS,  SOBEBRA , CONGELES , COMMERCE GENERAL ET DIVERS.","MAISON GOULA, QUARTIER  N'GBEHOUEDO,  OUESSE, TEL /95.61.62.70"
226,ETS JESU CHRIST WE,"RBABY2013A227DU20/06/13","","ACHAT ET VENTE DE PRODUITS FORESTIERS , TROPICAUX, AGRICOLES ,  COMMERCE GENERAL ET DIVERS","MAISON DJODI,  ZOGBODOMEY - CENTRE , ZOGBODOMEY ,  TEL/ 95.15.27.98"
227,ETS JMJ  ENTERPRISE,RB ABY 2013 A 34,"","ACHAT ET VENTE DE PRODUITS FORESTIERS, VIVRIERS,  DIVERSES PRESTATIONS DE SERVICES, TRANSPORT,  COMMERCE GENERALET DIVERS.","BOHICON,  SOGBA , MS DJOGNINOU"
228,ETS JODDAN GROUP,RB ABY 2013 A 24,"","PRESTATION DE SERVICES ,  ENTRETIEN,  TOUS TRAVAUX DE GENEI CIVIL, COMMERCE GENERAL ET DIVERS","BOHICON,  GANKON -PONSA"
229,"ETS JSC- JESUGNON AGBODJIGLA ET FILS","RBABY2013M316DU11/09/13","","TRANSPORT , QUINCAILLERIE,  LUBRIFIANT, GAZ OIL , COMMERCE GENERAL ET DIVERS.","MAISON AGBODJIGLA , SODOHOME , BOHICON , TEL/ 95.58.62.62"
230,ETS KADOB,RB ABY 2013 A 154,"","BTP,  BUREAU D'ETUDE VENTE DE SABLE, COMMERCE GENERAL ET DIVERS.","DJEGBE, 02 BP 628 ABOMEY"
231,ETS KALAKO,"RBABY2013A255 DU10/07/13","","DE PIECES DETACHEESVENTE ACHAT ET VENTE D'APPAREILS ELECTRONIQUES,  TRANSPORT,  COMMERCE GENERAL ET DIVERS.","MS ATCHADE, QUARTIER  ISSALE,  DASSA-ZOUME , TEL/ 96.11.42.76"
232,"ETS KALE ""3""","RBABY2013A214 DU 04/06/13","","ACHAT ET VENTE DE PRODUITS , TROPICAUX,  FORESTIERS,  AGRICOLES , COMMERCE GENERAL ET DIVERS.","AFFECIA , MS KOSSO , GLAZOUE , TEL/ 67.01.32.67"
234,ETS KANS-ESPOIR,RB ABY 2013 A 132,"","ACHAT ET VENTE DE PRODUITS FORESTIERS,  EXPLOITATION FORESTIERE,  BTP , COMMERCE GENERAL ET DIVERS.","AGBODJANNAGAN,  ABOMEY"
235,ETS KEBE,RB / ABY/ 2013 A 5,"","TRANSPORT ROUTIERS DE MARCHANDISES,  QUINCAILLERIE,  BTP, PRESTATION DR SERVICES,  COMMERCE GENERAL ET DIVERS.","BOHICON , QUARTIER SEME"
236,ETS KLV ET FILS,"RRBABY2013A274 DU13/08/13","","TRANSPORT ACHAT ET VENTE DE PRODUITS COSMETIQUES , AGRICOLES,  ALIMENTAIRES , QUINCAILLERIE , COMMERCE GENERAL ET DIVERS.","MAISON KINDJI,  GBANHICON , BOHICON,   TEL/95.85.59.12"
237,ETS KOLBIS,"RBABY2013A208 DU28/05/13","","ACHAT ET VENTE DE MATETRIELS ET CONSOMMABLES  INFORMATIQUES, COMMERCE GENERAL ET DIVERS.","MAISON VIGNONZAN , DEPÔT B , SAVE , TEL/ 95.96.67.37"
238,ETS KOUDE LEON ET FILS ( K.L.F),RB ABY 2013 M 94,"","ACHAT ET VENTE DE PRODUITS ALIMENTAIRES , COMMERCE GENERAL ET DIVERS.","ZAKPO - AHITO ,  BOHICON , MS KOUDE"
239,ETS KOUDJO ET FILS,"RBABY2013A333 DU02/10/13","","QUINCAILLERIEACHAT ET VENTE DE PRODUITS TROPICAUX , FORESTIERS,  TRANSPORT , COMMERE GENERAL ET DIVERS.","MAISON DOSSOU , GLAZOUE- CENTRE, GLAZOUE , TEL/ 97.08.86.64"
240,ETS KPOFFON ET FILS,"RBABY2013A228DU20/06/13","","HÔTELLERIE,  COMMERCE GENERAL ET DIVERS.","MS DOSSA,  HOUEGBO,  BP 107 COVE , TEL/95.56.47.82"
241,ETS KPS . GEO,RB ABY 2013 A 45,"","ACHAT ET VENTE DE PIECES DEDACHEES , DE LUBRIFIANT, COMMERCE GENERAL ET DIVERS.","HOUNDJROTO,  ABOMEY , MS KPOSSOU"
242,ETS KRIS  MARTIN' S VENTURES,RB ABY 2013 A 105,"","ACHAT ET VENE DE PIECES DETACHEES , APPREILS ELECTRONIQUES,  COMMERCE GENERAL ET DIVERS.","BANTE ,GBEGAMEY,  MS LAOUROU"
243,ETS KS-DIEU EST BON,"RBABY2013A221DU11/06/13","","ACHAT ET VENTEDE PRODUITS ALIMENTAIRES , DE DIVERSES HUILES, COMMERCE GENERAL ET DIVERS.","MS KPALIKA,  ZOUNZONME,  BOHICON ; TEL/ 95.17.90.29"
244,ETS LA BEAUTE DE LA FEMME,"RBABY2013A245 DU04/07/13","","ACHAT ET VENTE DE PRODUITS COSMETIQUES,  COMMERCE GENERAL ET DIVERS.","MS HOUETO, AGONVEZOUN , BOHION, TEL/96.69.26.56"
245,ETS LA BONNE SANTE,RB ABY 2013 A 28,"","QUINCAILLERIE , ACHAT ET VENTE DE PROVENDE,  ELEVAGE,  PRODUITS AGRICOLES,  BTP,  COMMERCE GENRAL ET DIVERS.","BOHICON,  KPOCON,  MS SEHOUNON"
246,ETS LA CASA DE LEDAK,"RBABY2013A 258DU16/07/13","","AUBERGERESTAURANT,  TRANSPORT,  COMMERCE GENERAL ET DIVERS","MS OKOU , KPATALOKOLI,  BOHICON , TEL/ 64.10.65.26"
247,ETS LA CITE DES COLLINES,"RBABY2013A337 DU02/10/13","","BTPQUINCAILLERIE,  ASSAINISSEMEN, TPRODUITS COSMETIQUES , COMMERCE GENERAL ET DIVERS.","MAISON DAKPO , QUARTIER DEPÔT B,  SAVE"
248,"ETS LA GAITE CHEZ TANTI KPASSA","RBABY2013A293DU05/09/13","","HÔTELLERIE FOURNITURES DE BUREAU,  BTP , ALIMENTATION GENERALE ET DIVERS","QUARTIER KPASSA  , OUESSE, TEL/ 95.38.33.57"
249,ETS LA MAISON DU LAPIN,"RBABY2013A353DU14/10/13","","PROVENDERIE, PROVENDERIECHAMBRE FROIDE,  RESTAURANT,  BTP , COMMERCE GENERAL ET DIVERS,  BAR , PRESTATION DE SERVICES BTP, PRODUITS SOBEBRA .","MAISON AHOMAGNON , AGNANGNAN , ABOMEY TEL/ 97.54.66.82"
250,ETS LA SANTE AVANT TOUT,"RBABY2013A339 DU02/10/13","","ACHAT ET VENTE DE PRODUITS FORESTIERS , AGRICOLES,  QUINCAILLERIE , BTP, PRESTATION DE SERVICES, COMMERCE GEERAL ET DIVERS.","MAISON AWONON,  DANGUI , SAVE, TEL/ 97.51.86.36"
252,ETS LA VIE  A  AINSI  VOULU,"RBABY2013A273 DU 09/08/13","","ACHAT ET VENTE DE PRODUITS FORESTIERS, EXPLOITATION FORESTIERE,  DIVERSES PRESTATIONS DE SERVICES , COMMERCE GENERAL ET DIVERS.","MAISON AHOYO, GBECON-HOUNLI, ABOMEY, TEL/ 95.58.56.39"
253,ETS LA VOIX DE SON MAÎTRE,RB ABY 2013 A 59,"","ACHAT ET VENTE DE PRODUITS MANUFACTURES , VENTE DES INSTRUMENTS DE SONORISATION, COMMERCE GENERAL ET DIVERS.","ZAKPO,  BOHICON"
254,ETS L'AMERICAIN,"RBABY2013A29510/08/13","","ACHAT ET VENTE DE PRODUITS ALIMENTAIRESHÔTELLERIE,  BTP , TROPICAUX,  COMMERCE GENERAL ETDIVERS.","MAISON NOUADJRO, KPEKOUTE,  DASSA- ZOUME , TEL/ 90.11.66.37"
255,ETS LANVEC MARANATHA,RB ABY 2013 A 48,"","ACHAT ET VENTE D' USTENSILES DE CUISINE, DE D'APPAREILS ELECTROMENAGERS , COMMERCE GENERALET DIVERS.","DJEGBE , ABOMEY"
256,ETS LATALEX ET FILS,"RBABY2013A177 DU 08/05/13","","COMMERCE ACHAT ET VENTEDE PRODUITS FORESTIERS TROPICAUX COMMERCE GENERAL ET DIVERS.","LEGO,  ABOMEY , MS ALLADAYE CANDIDE TEL/ 66.42.52.81"
257,ETS LE LEVANT,"RBABY2013A232 DU24/06/201","","MAINTENANCE DE MTERIELS INFORMATOQUES ET EQUIPEMENTS DE BUREAU , COMMERCE GENERAL ET DIVERS.","MAISON SEÏDOU,  DJEGBE,  ABOMEY , TEL/ 94.27.34.59"
258,"ETS LE NOUVEAU CONSTRUCTEUR INDUSTRIEL DU BENIN","RBABY2013A261 DU23/07/13","","TECHNIQUE DE CONCEPTION ET CONSTRUCTION MECANIQUE,  TOURNAGE, BTP, COMMERCE GENERAL ET DIVERS.","MAISON AKOKPONSOUDE,  02 BP 643 BOHICON , TEL/ 95.42.01.84"
259,ETS LE OUI DE DIEU,RB ABY 2013 A 040,"","ACHAT ET VENTE DE PRODUITS FORESTIERS,  TROPICAUX,  SOBEBRA , COMMERCE GENERAL ET DIVERS.","GLAZOUE,  ZONGO, MS SAGBOHAN"
260,ETS LE POTENTIEL 2A,RBABY2013A268,"","BTPACHAT ET VENTE DE FOURNITURES DE BUREAU,  COMMERCE GENERAL ET DIVERS.","MAISON AGBICODO,  AYEDERO , DASSA -ZOUME"
261,ETS LEDEFLORIE,"RBABY2013A309 DU06/09/13","","BTPACHAT ET VENTE DE  FOURNITURES DE BUREAU, PRODUITS ALIMENTAIRES,  COMMERCE GENERAL ET DIVERS.","GOHO , ABOMEY , TEL/ 97.77.63.36"
262,ETS LEGBA FATOUNDE E FILS,"RBABY2013A364DU5/11/13","","RESTAURATION BAR , AUBERGE, BUVETTE,  PRODUITS ALIMENTAIRES.","MAISON LEGBA, HOUNSO SESRAME,  COVE , TEL/ 96.94.02.98"
263,ETS LEO.SA,"RBABY2013A209 DU28/05/13","","COMMERCEACHAT ET VENTE DE PRODUITS AGRICOLES, VIVRIERS , FORESTIERS , ALIMENTAIRES , COMMERCE GENERAL ET DIVERS.","MAISON ATCHADE, N'Tchotché (AGOUA) , BANTE ,TEL/ 97.66.43.37"
264,ETS LEOR'S DECOR,"RBABY2013A275 DU13/08/13","","ACHAT ET VENEDE MATERIELS INFORMATIQUES ET BUREAUTIQUE , EXPOSITION DE SALON D'ART,  COMMECE GENERAL ET DIVERS.","MAISON WOTO , QUARTIER AHITO, BOHICON , TEL/ 96.15.25.75"
265,ETS LES LOIS DIVINES,RB ABY 2013 M 53,"","QUINCAILLERIE , COMMERCE GENERAL ET DIVERS , TRANSPORT.","MAISON GANSOU, AGBADJAGON,  BOHICON"
266,"ETS LIAM SERVICES ET EQUIPEMENTS","RBABY2013A288 DU28/08/13","","ACHAT ET VENTE DE MATERIELS INFORMATIQUES BUREAUTIQUE,  COMMERCE GENERAL E DIVERS.","MAISON ASSOGBA ,HOUNTONDJI,  ABOMEY , TEL/ 97.33.86.38"
267,ETS LINDJI ET FILS,RB ABY 2013 A 147,"","BTP,  COMMERCE GENERAL ET DIVERS.","ZONGO,  GLAZOUE , MS DEGNELO"
268,ETS LO. BEN ET FILS,"RBABY2013A359 DU23/10/13","","AUBERGEHÔTEL, ALIMENTATION GENERALE,  PRODUITS AGRICOLES , COMMERCE GENERAL ET DIVERS","MAISON LOKOSSOU, ZOGBA- DJAKPAHOUE,  COVE , TEL/ 97.52.04.12"
270,ETS LS-DIVINE,RBABY2013M282 DU16/04/02,"ACHAT ET VENTE DE PRODUITS FORESTIERS,  AGRICOLES,  VIVRIERS, COSMETIQUES,  COMMERCE GENERAL ET DIVERS.","MAISON CAKPOVI, ZAKPO- AHITO , BOHICON TEL/ 22.51.18.39PP"
"","","","ALIMENTATION , VENTE DE PRODUITS TROPICAUX, ",""
271,ETS LUCIANOH,RB ABY 2013 A 107,"AGRICOLES,  BUREAUTIQUE,  COMMERCE GENERAL ET ","HOUNTONDJI , ABOMEY,  MS HOUEDENOU PP"
"","","",DIVERS.,""
272,ETS LUCIANOH,RBABY2013M10708/10/13,"ACHAT ET VENTE DE PRODUITS ALIMENTAIRES,  BUREAUTIQUE COMMERCE GENERAL ET DIVERS.","MAISON ALLAMASSO , HOUNTONDJI,  ABOMEY PP"
273,ETS M.C. GROUP ,RBABY2013A311 DU06/09/13,"ACHAT ET VENTE DE PIECES DETACHEES , MATERIELS ELECTRONIQUES , COMMERCE GENERAL ET DIVERS.","ESSEKPA , DASSA- ZOUME, TEL/ 95.35.84.77 PP"
274,ETS MADINAT ET FILS,RBABY2013A271 DU06/08/13,"HÔTELLERIE SERVICE TRAITEUR , COMMERCE GENERAL ET DIVERS.","ZAKPO- ADAME-AHITO ,  BOHICON,  TEL/ 95.28.58.21 PP"
"","","",COMMERCE GENERAL ET DIVERS,""
275,ETS MAGUYS ET FILS,RBABY2013A366," BTP , FOURNITURES DE BUREAU ET CONSOMMABLES ","MAISON AGBOZO, ZAKPO - AHITO,  "
"","","",INFORMATIQUES.,"BOHICON , TEL/ 97.09.21.44PP"
276,ETS MAHOU TON GNON,RB ABY 2013 M 121,"Achat et vente  de produits alimebtaires , commerce général et divers .","LAMINOU,  OUESSE PP"
277,ETS MAHOUNS,RBABY2013A277 DU19/08/13,"COMMERCE GENERAL ET DIVERS BTP,  PRESTATION DE SERVICES.","MAISON HOUNSOU,  QUARTIER HONMEHO , BOHICON,  TEL/ 97.87.25.10 PP"
278,ETS MAHOUTON GNIDAHO,RBABY2013A210 DU29/05/13,"COMMERCEACHAT ET VENTE DE CIMENT , PRESTATION DE SERVICES, COMMECE GENERAL ET DIVERS.","KPATALOKOLI,  MAISON ADJAHOU,  BOHICON , TEL/ 95.42.54.52PP"
279,ETS MAK- SERVICES,RBABY2013M328DU27/09/13,"ACHAT ET VENTE DE PRODUITS FORESTIERS , BTP , COMMERCE GENERAL ET DIVERS.","MAISON KEITCHION,GANKON,  BOHICON , TEL/ 95.05.67.43 PP"
"","","","AHAT ET VENTEDE PIECES DETACHEES , DE PNEUX , ",""
280,ETS MALACASH INTERNATIONAL,RBABY2013A320 DU 11/09/13,"ACHAT ET VENTE DES  APPAREILS ELECTROMENAGERS, COMMERCE GENERAL ET DIVERS","ISSALOU , DASSA- ZOUME,  TEL/ 95.93.06.13 PP"
"","","","ACHAT ET VENTE DE MATERIELS INFORMATIQUES, ",""
281,ETS MARIVA,RB ABY 2013 A 127,"ASSISTANCE COMPTABLE ,BUREAUTIQUES,  BTP,  ","KABOLE,  GLAZOUE PP"
"","","",COMMERCE GENERAL ET DIVERS.,""
282,ETS MARONOU OLORUN WA,RB ABY 2013 A 55,"ACHAT ET VENTE DE PODUITS TROPICAUX,  FORESTIERS,  COMMERCE GENERAL ET DIVERS.","ZAKPO- ADAME- AHITO,  BOHICON PP"
"","","",COMMERCE ,""
283,ETS MASSEDE,RBABY2013A199 DU24/05/13,"ACHAT ET VENTE DE PRODUITS ALIMENTAIRES , COMMERCE GENERAL ET DIVERS.","ZAKPO- AHITO,  MS ASSOGBA ANICK,  BOHICON,  TEL/ 95.09.85.00PP"
"","","",COMMERCE ,""
284,ETS MASSINON,RBABY2013A 181DU 10/05/13,ACHAT ET VENTEDE PRODUITS FORESTIERS VIVRIERS EXPLOITATION FORESTIERE COMMERCE GENERAL ET ,"ZOGBODOMEY , HOUNGA ( MASSI), MS MASSINON, TEL/ 97.39.90.24 PP"
"","","",DIVERS.,""
285,ETS MATH - ATACLA  ET FILS ,RB ABY 2013 A 89 ,"HÔTELLERIE , BAR -RESTAURANT,  SERVICE TRAITEUR,  BUREAUTIQUE,  COMMERCE GENERAL ET DIVERS.","AVOGBANA, BOHICON,  MS ATACLA PP"
286,ETS MATIRESS,RB ABY 2013 A 145,"PEODUITS ALIMENTAIRES , VENTE DE FAN-MILK, BTP,  COMMERCE GENERAL ET DIVERS.","DJEGBE,  ABOMEY PP"
287,ETS MAWOUGNON ET FILS,RB ABY 2013 A 140,"BTP,  COMMERCE GENERAL ET DIVERS.","HONMEHO , BOHICON PP"
288,ETS MAWU DOKPO XAMI,RBABY2013A244DU 04/07/13,"ACHAT ET VENTE DE PRODUITS FORESTIERS , TROPICAUX , BUREAUTIQUE,  COMMECE GENERAL ET DIVERS.","MS HOUNWANOU,  OUESSE- CENTRE , OUESSE PP"
289,ETS MAWUNOU,RB ABY 2013 A 144,"","ACHAT ET VENTE DE PRODUITS AGRICOLRES , TROPICAUX, FORESTIERS , COMMERCE GENERAL ET DIVERS.","SAVE-NOUVEAU,  SAVE"
290,ETS MAX SERVICES,"RBABY 2013 A DU 04/05/13","","COMMERCE:Achat et vente de matériaux de construction, commerce général et divers.","GNIDJAZOUN,  BOHICON,  MS ZOHOU,  FACE VOIE PRINCIPALE TEL/ 97.27.47.33"
291,ETS MDT-SENOUET FILS,RB ABY 2013 A 57,"","HÔTELLERIE,  BAR- RESTAURANT, PRODUITS TROPICAUX , COMMERCE GENERAL ET DIVERS.","HOUNTONDJI , ABOMEY"
292,ETS MENPAC,RB ABY 2013 A 13,"","BTP, EXPLOITATION  FORESTIERE , TRANSPORT, COMMERCE GENERAL ET DIVERS.","SAVE,   QUARTIER ZONGO"
293,ETS MERE DEO GRACIAS,RB  ABY 2013 A 125,"","ACHAT ET VENE  DE PRODUITS ALIMENTARES,  TROPICAUX,  FORESTIERS,  PRESTATION DE SERVICES , COMMERCE GENERAL ET DIVERS.","CANA , ZOGBODOMEY"
294,ETS METAL GROUP BENIN,RB ABY 2013 A 8,"","SOUDURE,   FORMATION METALLIQUE , QUINCAILLERIE,  PRODUITS FORESTIERS,  TROPICAUX,  COMMERCE GENERAL ET DIVERS.","BOHICON  , Quartier AHOUAME"
295,ETS MHP ET FILS,RB ABY 2013 A 37,"","ETUDE,  CONTROLE  ET SUIVI EN BTP, HYDROLIQUE , ENVIRONNEMENT ,  COMMERCE GENERAL ET DIVERS","ABOMEY, HOUNLI"
296,ETS MIDOKPE,"RBSAVAL2013A015DU050913","","ACHAT ET VENTE DE PRODUITS FORESTIERS, TROPICAUX,BTP COMMERCE GENERAL ET DIVERS.","MAISON DONHISSOU QUARTIER DAKPA , SAVALOU,  TEL/ 96.07.74.69"
297,ETS MIVAMIAWE,"RBABY2013A234 DU 25/06/13","","EXPLOITATION FOPRESTIERE,  TRANSPORT,  COMMERCE GENERAL ET DIVERS.","MAISON AYADJI , HONMEHO,  BOHICON , TEL/ 95.35.45.33"
298,ETS MOUKAÏLA MOUSSA ET FILS,"RBABY2013A 172DU 04/05/20","","ACHAT ET VENTE DE MATERIELS D'ELECTRICITE , PRESTATION DE SERVICES,  COMMERCE GENERAL ET DIVERS.","SEME,  BOHICON, MS JONHSON ,  BP 78 WOMEY, TEL:96.86.20.34"
299,ETS MULTI SERVICES EXPRESS,RB ABY 2013 A 19,"","ACHAT ET VENTE DE PRODUITS MANUFACTURES,  BUREAUTIQUES , QUINCAILLERIE , COMMERCE GENERAL ET DIVERS.","ABOMEY,  QUARTIER DJEGBE"
300,ETS NADUL ET FILS,"RBABY2013A259DU19/07/13","","ACHAT ET VENTE DE FOURNITURES DE BUREAU , MATERIELS INFORMATIQUES, BTP,  COMMERCE GENERAL ET DIVERS.","MAISON AHOGA, LISSEZOUN,  BOHICON,  TEL/ 95.40.38.80"
301,ETS NANGBEME,"RBABY203A331DU01/10/2013","","RESTAURATIONBAR,  HÔTEL,  COMMERCE GENERAL ET DIVERS.","MAISON DAZOUNDO,  ZAKPO ,  BOHICON,  TEL/ 95.24.16.44"
302,ETS NENUPHAR PLUS,"RBABY2013M303 DU 05/09/13","","BTPCOMMERCE GENERAL ET DIVERS, SCIERIE,  QUINCAILLERIE TRANSPORT .","MAISON FIOGBE ,  AGBODJANNANGAN , ABOMEY , TEL/ 95.36.81.13"
303,"ETS NGL-WORLD BUSINESS CENTER",RB ABY 2013 M 137,"","PRODUITS ALIMENTAIRES , COMMRE GENERAL ET DIVERS.","HEZONHO , BOHICON"
304,ETS NORBERT INVESTMENT,"RBABY2013A226 DU14/06/13","","ACHAT ET VENTE DE PIECES DETACHEES , MATERIELS ELECTRONIQUES,  COMMERCE GENERAL ET DIVERS.","MS MOUKIMOKE , TCHETTI,  SAVALOU , TEL/ 97.52.59.19."
305,ETS NOUNIGNON,"RBABY2013A284DU28/0813","","TRANSPORT DE PERSONNES ET DE MARCHANDISES STOCKAGE DE PRODUITS VIVRIERS,  COMMERCE GENERAL ET DIVERS","MAISON ALLADAYE , HOUNDJROTO,  ABOMEY,  TEL/ 90.17.55.16"
306,ETS N'TEKPO ET FILS,RB ABY 2013 A 153,"","Produits alimentaires  et boisssons,  BTP, Commerce général et divers.","AYEDERO,  GLAZOUE,  MS N'TCHADE"
307,ETS O. RE.L ET FILS,RB ABY 2013 A 91,"","RESTAURANT,  HÔTELLERE ,PRODUITS AGRICOLES,  FORESTIERS,  TROPICAUX , DIVERSES PRESTATIONS DE SERVICES,  COMMCERCE GENERAL ET DIVERS.","KPATALOKOLI,  BOHICON,  MS GNANGUENON"
309,ETS OBAGNINDE ET FILS,RB ABY 2013 A 109,"","QUINCAILLERIE,  BTP , HÔTELLERIE,  COMMERCE GENERAL ET DIVERS.","SAVE, ADJEGOUNLE, MS OBAGNINDE"
310,ETS OGOBA ET FILS,"RBABY2013A306 DU 06/09/13","","VENTE DE MOTOS,  DE PIECES DE RECHANGES, COMMERCE , COMMERCE GENERAL ET DIVERS.","MAISON ADADJA , TOVOGOME,  BOHICON? TEL/ 97.91.81.72"
311,ETS OGOU ET FILS,RB SAVAL 2013 A 03,"","ACHAT ET VENTE DE PRODUITS TROPICAUX ,  FORESTIERS COMMERCE GENERAL ET DIVERS.","ILLAGBO,  BANTE"
312,ETS OJ- ITCHE DOUN,"RBABY2013A215 DU 04/06/13","","ACHAT ET VENTE DE PRODUITS FORESTIERS, TROPICAUX , COMMERCE GENERAL ET DIVERS.","MAISON OYEWA JOEL, AFFECIA , GLAZOUE , TEL/ 97.36.42.74"
313,ETS OKPOLO,RB ABY 2013 A 143,"","AFFECIA,  GLAZOUE ,PRODUITS ALIMENTAIRES , HÔTELLERIE, BTP,  COMMERCE GENERAL ET DIVERS.","AFFECIA,  GLAZOUE ,"
314,ETS OLORUN SOGO,RB ABY 2013 M 66,"","ACHAT ET VENTE DE PRODUITS TROPICAUX,  COMMERCE GENERAL ET DIVERS.","MAYAMON ( GOUKA),  BANTE"
315,ETS OLOUWA  LO  NI OLA ET FILS,RRB ABY 2013 A 161,"","ACHAT ET VENTE DE PRODUITS TROPICAUX,  VIVRIERS,  FORESTIERS,  QUINCAILLERIE,  COMMERCE GENERAL ET DIVERS.","AFFECIA, GLAZOUE,  MS EMINAKPO"
316,ETS OLOUWA SHEYI,"RBABY203A341 DU08/10/13","","ACHAT ET VENTE DE PRODUITS COSMETIQUES,  ALIMENTATION,  GENERALE,  COMMERCE GENERAL ET DIVERS.","MAISON ABOUDOU,  GBLEKOUTEI,  DASSA- ZOUME, TEL/ 95.23.62.96"
317,ETS OLUWA NICHEOLA ET FILS,"RBSAVAL2013A013DU21/08/13","","ACHAT ET VENTE DE PRODUITS TROPICAUX, PRODUITS SOBEBRA,  FORESTIERS,  AGRICOLES , BTP , HÔTELLERIE , AUBERGE, COMMERCE GENERAL ET DIVERS.","BASSON , BANTE,  MAISON LAOUROU , TEL/ 97.84.76.34"
318,ETS ORE OLUWA,RB ABY 2013 A 139,"","QUINCAILLERIE , TRANSPORT,  COMMCERCE GENERAL ET DIVERS.","AYEDREO,  GLAZOUE,  MS HOUEHOU"
319,ETS OSSENI ET FILS,"RBABY2013M185DU14/05/13","","ACHAT ET VENTE DE PRODUITS   DE FORESTIERS , EXPLOITATION FORESTIE, REPRESTATION DE SERVICES,  ALIMENTATION GENERALE , COMMERCE GENERAL ET DIVERS.","BOHICON, KPOCON- SILIHO , MS OSSENITEL :95.45.89.69"
320,ETS PACTOLE D'OR,RB ABY 2013 A 84,"","RESTAURATION ,  SERVICE TRAITEUR, COMMERCE GENEGAL ET DIVRS.","SACLO, BOHICON , MS SONON"
321,"ETS PAIX ET JOIE AUX RESIDENCES SIMBERN HÔTEL D'ABOMEY","RBABY2013A200 DU24/05/13","","SERVICE HÔTELLERIE , COMMERCE GENERAL ET DIVERS.","MAISON SINDAGBE ,  GBECON,  ABOMEY,  TEL/ 95.45.70.41"
322,ETS PENIEL.COM,"RBABY2013A175DU06/05/13","","COMMERCE GENERAL ET DIVERS,  ALIMENTATION GENERALE, POISSONNERIE , PRESTATION DE SERVICES.","SEME, MAISON AVOLONTO,  BOHICON,  TEL/ 95.45.98.71"
323,ETS PIKOS,"RBABY2013A270 DU06/08/13","","BTP TOPOGRPHIE,  GENIE CIVIL,  HÔTELLERIE , COMMERCE GENERAL ET DIVERS.","MS SOSSOU,  AFFECIA,  GLAZOUE , TEL/ 97.87.88.86"
324,ETS PLEINE DE GRACE,RB ABY 2013 A 76,"","ACHAT ET VENTE DE FOURNITIRES DE BUREAU,  QUINCAILLERIE , COMMERCE GENERAL ET DIVERS.","ADANDOKPODJI,  ABOMEY,  MS SOSSI"
325,ETS PLENIEL,"RBSAVA2013ADU07/08/13","","IMPRIMERIELIBRAIRIE,  PAPETERIE,  PRESTATION DE SERVICES , PRODUITS ROPICAUX,  COMMERCE GEENRAL E DIVERS.","MAISON GBAGUIDI , AHOSSEDO , SAVALOU,TEL/95.36.52.41"
327,ETS RMC - MAWUTCHEME ET FILS,RB ABY 2013  A 116,"","RESTAURATION , BUVETTE,  HÔTEL PRODUITS COSMETIQUES,  AGRICOLES , FORESTIERS,  TROPICAUX , QUINCAILLERIE , COMMERCE GENERAL ET DIVERS.","BOHICON, HOUNDONHO , MS ATEDJO"
328,"ETS ROGOBERT JANNETTE ET FILS","RBABY2013A287 DU28/08/13","","TRAVAUX DE TOPOGRAPHIEALIMENTATION GENERALE ET DIVERS,  BUVETTE,  RESTAURANT .","MAISON MAHOULIKPONTO,  DEPÔTA,  SAVE, TEL/ 95.35.07.22"
329,ETS ROSAD ET FILS,"RBABY2013A272 DU06/08/13","","BUREAUTIQUE FOURNITURES DE BUREAU , COMMERCE GENERAL ET DIVERS, BTP , PRESTATION DE SERVICES.","MAISON DAANON, QTIER HOUELI,  BP2130 GOHO-ABOMEY TEL/96.13.63.49"
330,ETS SAAKUL ET FILS,RB ABY 2013 A 69,"","BARS- RESTAURANT , SERVICE TRAITEUR, POISSONNERIE,COMMERCE GENERAL ET DIVERS.","DJEGBE , ABOMEY"
331,ETS SAINT SAMUEL,"RBABY2013A222 DU11/06/13","","MENUISERIE GENERALE,  SCIERIE,  EXPLOITATION FORESTIERE , COMMERCE GENERAL ET DIVERS.","OROKOTO , GLAZOUE,  MS ADANDE KINTI , TEL/ 97.71.27.88"
332,"ETS SAINT URIEL ""OEUVRE DE DIEU""",RB ABY 2013 A 20,"","ACHAT ET VENTE DE PRODUITS CONGELES,  PRODUITS FORESTIERS, EXPLOITATION FORESTIERE,  COMMERCE GENERAL ET DIVERS.","07 BP866 COTONOU , GBEGAMEY"
333,ETS SAMIR,"RBABY2013A237 DU 27/06/13","","ACHAT ET VENTE DE MATERIELS INFORMATIQUES ET BUREAUTIQUES, BTP, RESTAURATION , COMMERCE GENRAL ET DIVERS.","MAISON KOUTI , HOUNTONDJI , ABOMEY,  01-7671COTONOU TEL/ 21.30.22.20"
334,ETS SANG DE JESUS,"RBABY2013A195 DU23/05/13","","ACHAT ET VENTE DE PRODUITS ALIMENTAIRES,  COMMERCE GENERAL ET DIVERS.","ZAKPO- AHITO, MS DAHISSIHO,  BOHICON,  TEL/ 97.15.51.45"
335,"ETS SCEAU DE LA NOUVELLE JERUSALEM","RBABY2013A334 DU02/10/13","","ACHAT ET VENTE DE MATERIELS INFORMATIQUES,  BTP,  PRODUITS AGRICOLES,  COMMERCE GENERAL ET DIVERS.","QUARTIER HOUTONDJI ABOMEY TEL/ 95.81.40.17"
336,ETS SEBAF- GROUP,RBABY2013A301,"","MECANIQUE GENERALE TRANSPORT ,PRESTATION DE SERVICES , BTP, COMMERCE GENERAL ETDIVERS.","MAISON TCHEMAGNON , ZAKPO - BOHICON, TEL/ 97.85.43.97"
337,ETS SEDAMINOU ET FILS,RB ABY 2013  A102,"","ACHAT ET VENTE DE VETEMENTS , PRET- Â -PORTER,  BTP,  ALIMENTATION GENERALE,  COMMERCE GENERAL ET DIVERS.","GANKON , BOHICON,  MS TAMADAHO"
338,ETS SEGBE ET FILS,"RBABY2013A167 DU 03/05/13","","INDUSTIRIETOUTES ACTIVITES DE RENOVATION DE CONSTRUCTION DE BÂTIMENTS ET DE TRAVAUX PUBLICS , ENTRETIEN DESESPACES VERTS , DEPÔT DE CIMENT,  COMMERCE GENERAL ET DIVERS.","GOHO, Face  MS LOTORIE, ABOMEY, TEL/97.60.49.47"
339,ETS SEMLIKO,"RBABY2013A216 DU04/06/201","","ETUDE , CONTROLE,  BTP, PRODUITS TROPIUCAUX , COMMERCE GENERAL ET DIVERS.","MS GOGO  , AFFECIA,  GLAZOUE, TEL/ 94.79.05.08"
340,ETS SENA C. ET FILS,"RBABY2013A267 DU29/07/13","","Hôtel ,  maquis,  alimentation générale , bar -restaurant , commerce général et divers.","MAISON GANDAHO , HONMEHO,  BOHICON, TEL/ 96.08.20.03"
341,"ETS SESSI LA SENSATION SANS REGRET","RBABY2013A344 DU08/10/13","","RESTAURANT,  PRODUITS ALIMENTAIRES ,BURAUTIQUE, COMMERCE GENERAL ET DIVERS.","SEKONHOUE,  COVE TEL/ 95.98.78.53"
342,ETS SHARTEL BENIN,RB ABY 2013 M151,"","FOURNITURES DE BUREAU,  PRODUITS FORESTIERS,  DIVERSES PRESTATIONS DE SERVICES.","AGBADJAGON, 02 BP 539 BOHICON"
343,ETS SI DIEU ACCEPTE,RB ABY 203 A 152,"","Vente de produits alimentaires,  BTP, commerce général et divers.","AFFECIA , GLAZOUE,  MS GNIZOUNME"
345,ETS SOGBE DIEU FERA,RB ABY 2013 A 32,"","ALIMENTATION GENERALE ET DIVERS , BTP , PRODUITS TROPICAUX,  FORESTIERS , CONGELES,  COMMERCE GENERAL ET DIVERS.","DJIDJA, AWOTRELE,  MS SOGBE."
346,ETS SOIS POUR DIEU,RB ABY 2013 A 65,"","ACHAT ET VENTE DE PRODUITS FORESTIERS , AGRICOLES,  TROPICAUX , HUILE,  BAR- RESTAURANT,  COMMERCE GENERAL ET DIVERS.","ZOGBODOMEY , QTIER HOLLY"
347,ETS SOKA- BENIN PLUS,RB ABY 2013 M 51,"","ACHAT ET VENTEDE ACCESSOIRES DE TELECOMMUNICATION,  DE PORTABLES , COMERCE GENERAL ET DIVERS.",02 BP 59 BOHICON
348,ETS SOLEIL D'AFRIQUE,RB ABY 2013 A 131,"","Achat et vente de  matériels informatiques,  bureautique, fournitures de bureau , commerce général et divers.","AYEDERO , DASSA -ZOUME"
349,"ETS SOLIDO MULTI SERVICES ET NEGOCES","RBABY2013A187 DU14/05/13","","COMMERCEACHAT ET VENTE DE MATERIELS INFORMATIQUES , BUREAUTIQUES,  PAPETERIE,  IMPRIMERIE,  COMMERCE GENERAL ET DIVERS.","ZAFFE , MS HONOU,  GLAZOUE , TEL/ 96.03.44.56"
350,ETS SOMART AMOUR,"RBABY2013A314DU07/09/13","","QUINCAILLERIE ALIMENTATION GENERALE , BTP , COMMERCE GENERAL ET DIVERS.","QUARTIER VEDJI , DASSA -ZOUME , TEL/ 97.62.00.50"
351,ETS SOTIME,RB ABY 2013 A 42,"","BTP, PRESTATION DE SERVICES,  COMMERCE GENERAL ET DIVERS.","MSHOUEDIKIN,  AYEDERO , DASSA- ZOUME"
352,ETS SOUJOS,"RBABY2013A335 DU02/10/13","","ACHAT ET VENTE DE  TEXTILE ET D'EFFET VESTIMENTAIRES, AUDIO VISUEL, SOUS TRAITANCE,  COMMERCE GENERAL ET DIVERS.","MAISON SOUNOU,  KPATALOKOLI , BOHICON,  TEL/ 97.42.98.64"
353,ETS STB- DIEU EST GRAND,RB ABY 2013 A 135,"","BTP SCIERIE PRODUITS TROPICAUX,  AGRICOLES,  FORESTIERS,  COMMERCE GENRAL ET DIVERS.","AYEDERO , DASSA -ZOUME MS NOUNAGNON"
354,ETS SUNDAY BRAVO,"RBABY2013A321 DU 11/09/13","","ACHAT ET VENTE D PIECES DETACHEES APPAREILS ELECTROMENAGERS,  COMMERCE GENERAL ET DIVERS.","AFFECIA , GLAZOUE, TEL/ 67.34.29.43"
355,ETS SUNTEX  INVESTMENT,RB ABY 2013 A 117,"","ACHAT ET VENTE DE PIECES DETACHEES , COMMERCE GENERAL T DIVERS.",BANTE- KOTAKPA (LOUGBA)
356,ETS TADESTER,"RBABY2013A358 DU23/10/13","","TRANSPORT DE MARCHANDISES DIVRESES PRESTATION DE SERVICES , COMMERCE GENERAL ET DIVERS","MAISON AHISSOU ,  HONMEHO,  BOHICON , TEL/ 96.34.08.82"
357,ETS TAKALO,RB ABY 2013 A 113,"","LA CREATION,  LA GESTION  ET L' ADMINISTRATION DE COMPLEXES HÔTELIERS , COMMERCE GENERAL ET DIVERS.","DASSA -ZOUME,  ILLOULE"
358,ETS TCHEGBEN' TON 2,RB ABY 2013 A 110,"","ACHAT ET VENTE DE PORTABLES ET ACCESSOIRES , PRODUITS MANUFACTURES, BTP,  COMMCERCE GENERAL ET DIVERS.","GLAZOUE,  AFFECIA , MS SOSSOU"
359,ETS THÉO ET FILS,"RBABY2013A223 DU 11/06/13","","Achat et vente de produits alimentaires , commerce general et divers.","MS THOTO,  GBANHICON,  BOHICON , TEL: 95.13.73.82"
360,ETS TIMAYA -GROUP,"RBABY2013A319 DU10/09/13","","ACHAT ET  VENTE DE PIECES DETACHEES MATERIELS ELECTRONIQUESCOMMERCE GENERAL ET DIVERS.","MAION ALLAGBE, AFFECIA , GLAZOUE, TEL/ 97.33.97.98"
361,ETS TOJA ET FILS,"RBABY2013A 174DU06/05/13","","bars , cafes et autres  débit de boissons , buvette,  dépôt produits sobebra,  commerce général et divers.","COVE,   HOUNDANOU,  MS TOMAVO, TEL/ 95.84.29.08"
363,ETS TOUKON,"RBABY2013A 194DU23/05/13","","COMMERCEACHAT ET VENTE DE PRODUITS COSMETIQUES , ALIMENTATION GENERALE,  COMMECE GENERAL ET DIVERS.","ZOHOUNGO( PAOUIGNAN), DASSA- ZOUME , MS GUIDIGAN, TEL/ 97.36.14.56"
364,ETS TOUT POUR DIEU DE GNAVO,"RBABY2013A342 DU08/10/13","","ACHAT ET VENTE DE PRODUITS FORESTIERS, EXPLOITATION FORESTIERE, AUBERGE,  SCIERIE, COMMERCE GENERAL ET DIVERS.","MAISON GNANVO,  CANA-DODOME,  ZOGBODOMEY TEL/ 95.15.51.43"
365,ETS TOUTE CREATURE,RB ABY 2013 A 71,"","LA CREATION,  L'INSTALLATION,  LOCATIONS DIVERSES?  COMMERCE GENERAL ET DIVERS.","GANKON -PONSA, 02 BP 295  BOHICON"
366,ETS TROPICANA- AZUR,RB ABY 2013 A 64,"","RESTAURATION , HÖTEL,  BUVETTE,  COMMERCE GENERAL ET DIVERS.","ZAKPO,  BOHICON,   MAISON ASSOGBA"
367,ETS TVT,RB ABY 2013 A 83,"","BTP , COMMERFE GENERAL,  EXPLOITATION FORESTIERE, PRESTATION DE SERVICES.","ZOGBODOMEY , HAYA,  MS SAVASSI"
368,ETS UCHE IK.,RB ABY2013 A 60,"","ACHAT ET VENTE DE PIECES DETACHEES , COMMERCE GENERAL ET DIVERS.","ZAKPO,  BOHICON , MAISON DAKO"
369,ETS VERZO,RB ABY 2013 A 124,"","BUREAUTIQUE,  ACHAT ET VENTE DE PRODUITS ALIMENTAIRES,  COMMERCE GENERAL ET DIVERS.","AGNANGNAN , ABOMEY , MS ZOHOUNGBOGBO"
370,ETS VIC - ASTUS ET FILS,RB ABY 2013 A 21,"","FOURNITURES DE BUREAU ET DE CONSOMMABLES INFORMATIQUES , COMMERCE GENERAL ET DIVERS.","BOHION,  AGONVEZOUN,  MS WONGLA"
371,ETS VILLE DE L'ETERNEL,"RBABY2013A289DU29/08/13","","ACHAT ET VENTEDE PRODUITS ALIMENTAIRES DIVERSES PRESTATIONS DE SERVICES,  COMMERCE GENERAL ET DIVERS.","MAISON AKUETE , KPOCON,  BOHICON , TEL/ 95.79.20.31"
372,ETS VINANLONHAN,"RBABY2013A300 DU05/09/13","","ACHAT ET VENTE DE MATERIELS INFORMATIQUES,   BUReAUTIQUE,  PRODUITS FORESTIERS, PRESTATION DE SERVICES , COMMERCE GENRAL E DIVERS.","MAISON NASSARA ,AGONGEZOUN,  BOHICON , TEL/ 95.81..37.73"
373,ETS VINCY OBAG SHOP,"RBABY2013A254 DU10/07/13","","ACHAT ET VENTE DE PIECES DETACHEESACHAT ET VENTE DE PRODUITS FORESTIERS,  AGRICOLES,  TROPICAUX , CONGELES,  BTP,  COMMERCE GENERAL ET DIVERS.","MS OBAGOU,  ISSALOU,  DASSA -ZOUME,  TEL/ 64.91.65.43"
374,ETS WABILAÏ TAOFIC ASSILE,"RBABY2013A 182DU13/05/13","","COMMERCEACHAT ET VENTEDE PRODUITS FORESTIERS VIVRIERSEXPLOITATION FORESTIERE COMMERCE GENERAL ET DIVERS.","HONMEHO, MS ALIDOU,  BOHICON , TEL/ 97.58.27.12"
375,ETS WHYSDRINE,RB ABY 2013 A 148,"","Restauration , prestation de services , commerce général et divers.","AGBLOME , ABOMEY,  MS ALIMENGNIDOKPO"
376,"ETS WORLD GLOBAL TECHNOLOGY","RBABY2013A363DU04/11/13","","ACHAT ET VENTE DE MATERIELS INFORMATIQUES , MAINTENANCE, FOURNITURES  DE BUREAU,  COMMERCE GENERAL ET DIVERS.","MAISON CHEOU,  GOHO,  ABOMEY , TEL/ 97.09.33.12"
377,ETS YAF ET FILS,RB ABY 2013 A 136,"","BTP ,  PRODUITS TROPICAUX,  AGRICOLES,  FORESTIERS, COMMCERCE GENERAL ET DIVERS","MAISON ADIMI,  QUARTIER AGOH,  OUESSE"
378,ETS YAG LA PERSEVERANCE,"RBSAVAL2013A019DU23/09/13","","ACHAT ET VENTE  DE PRODUITS TROPICAUXOMMERCE GENERAL ET DIVERS.","BANTE,  MAYAMON , COLLINES, TEL/97.74.94.48"
380,ETS ZINLI,RBABY2013A266,"","COMMERCE GENERAL ET DIVERS.ACHAT ET VENTED TEXTILES ET EFFET VESTIMENTAIRES BUREAUTIQUE FOURNITURES DE BUREAU BTP TRANSPORT HÔTELLERIE PRESTATION DE SERVICES.","MAISON ZINLI , HONMEHO,  BP 2270 ABOMEY,  BOHICON , TEL/ 94.52.42.63"
381,ETS ZOYADJA ET FILS,"RB ABY2013A189DU16/05/13","","INDUSTRIEBTP,  FERRAILLAGE,  COFFRAGE,  PLOMBERIE,  COMMERCE GENERAL ET DIVERS.","ADANDOKPODJI , ABOMEY,  MS ZOYADJA,  01 BP 144 DOTA , TEL/ 97.84.51.62"
382,ETS ZP- SEGNON,RB ABY 2013 A 54,"","BTP , PRODUITS TROPICAUX,  COMMERCE GENERAL ET DIVERS.","BOHICON , HOUNDONHO"
383,"ETSA.G. COURONNEDIVINE ET FILS",RB ABY 2013 A 38,"","ACHAT ET VENTE DE PRODUITS FORESTIERS, VIVRIERS,  GARAGE,  MENUISERIE,   PRESTATION DE SERVICES,  HÔTEL, COMMERCE GENERAL  ET DIVERS.","BOHICON , LISSEZOUN , MS AHIZIGBE"
384,ETSTANMARIE,"RBABY2013A249 DU05/07/13","","HÔTELLERIERESTAURANT , COMMERCE GENERAL,  FOURNITURES ET MATERIELS DE BUREAU.","MS ALEOUSSI,  AGBADJAGON,  BOHICON,  TEL/ 95.73.98.62"
385,"GLOBAL EXPRESS SERVICE INTERNATIONAL ( G.E.S.I) SARL",RB ABY 2013 B 11,"","IMPORTATION DE MATERAUX DE CONSTRUCTION,  DE CARREAUX , COMMERCE GENERAL ET DIVERS","ZAKPO - AHOUAME,  BOHICON"
386,LA DYNAMIQUE,RB ABY 2013 A 163,"","DIVERSES PRESTATIONS DE SERVICES , ALIMENTATION GENERALE.","AGBADJAGON , BOHICON"
387,MYSTERIUM ESPER,RB ABY 2013 A 16,"","BTP, AMENAGEMENT DES BAS- FONDS FOURNITURES DE BUREAU , BUREAUTIQUES , ET INFOORMATIQUES , COMMERCE GENERAL ET DIVERS.","COVE, QUARTIER  NAOGON"
388,PHARMACIE BANTE,"RBSAVAL2013A012DU20/08/13","","CESSION DE PRODUITS PHARMACEUTIQUESE COSMETIQUES","IELAKOUN , DOMAINE MAIRIE,  BANTE TEL/ 97.89.48.36"
389,SAFA GROUP,RB ABY 2013 M 52,"","COMMERCE GENERAL ET DIVERS , BTP , FOURNITURES DEBUREAU,  PRODUITS FORESTIERS, FORMATION , ETUDE,  CONSULTATION .",02 BP 668 BOHICON
390,SOCIETE AZERFA ET FILS SARL,"RB ABY2013B22 DU12/09/13","","IMPORTATION DE MATERIAUX MEDICAUX, FOURNITURES DE BUREAU ET DE  TOUTES MRCHANDISES, COMMERCE GENERAL ET DIVERS.","MAISON ZANNOU,  OUNKAME , ABOMEY TEL/ 90.05.17032"
391,SOMAT ET FILS,RB ABY 2013 A 162,"","Transport routiers de marchandises,  prestations de services , commerce général et divers.","ADAME- AVOGBANA, BOHICON"
392,STE LA  FRAÎCHEUR  SARL,RB ABY 2012 B 155,"","IMPORTATION DES MATERIAUX DE CONSTRUCTION ET DES INFRASTRUCTURE DE GENIE CIVIL, DE MATERIELS POUR HEBERGEMENT,  COMMERCE GENERAL ET DIVERS.","BP 2018 ABOMEY, GOHO , MAISON MATRO"
393,STE MISSI  MAWU SARL,"RBABY2013B19 DU18/07/13","","IMPORTATION DES MATERIAUX DE CONSTRUCTION,  QUINCAILLERIE GENERALE, ACHAT ET VENTE DE TEXTILES, TRANSPORT, COMMERCE GENERAL ET DIVERS","MS DOSSOU YOVO,  KPOCON, BP 52  BOHICON , TEL/ 22.51.11.51"
394,STE OKOUKOU SARL,RB ABY 2013  B 5,"","IMPORTATION DE MATERIELS DE SONORISATION,  DE MATERIELS DE CONSTRUCTION,  AGRIOOLES,  DIVERSES PRESTATION DE SERVICES","QTIER KAMATE ,  BP 286 DASSA- ZOUME"
395,"STE PHARMACIE SAINT HENRI SARL",RB ABY 2010 B 225,"","EXPLOITATION D' UNE OFFICINE DE PHARMACIE, COMMERCE GENERAL ET DIVERS.","BOHICON , ZAKPO - ROUTE DU NORD"
"","","","DIVERSES PRESTATIONS DE SERVICES,ALIMENTATION ","","",""
397 ,ZACAM - NANGUEZE ,RB ABY 2013 A 12 ,"GENERALE,  SCIERIE,  TRANSPORT, COMMERCE GENERAL ","","QUARTIER AHOUAME , BOHICON ",PP
"","","",ET DIVERS.,"","",""
